{"province": "安徽", "city": "池州", "name": "华邦·阳光城", "area": "96.08㎡", "rooms": "2室2厅", "floor": "高层（共7层）", "toward": "南向", "year": "未知", "address": "主城区-秀山路与南湖路交口", "price": "99万", "unit": "10304元/㎡", "origin_url": "https://chizhou.esf.fang.com//chushou/16_201415.htm"}
{"province": "安徽", "city": "池州", "name": "汇景花园", "area": "90㎡", "rooms": "2室2厅", "floor": "中层（共6层）", "toward": "南北向", "year": "未知", "address": "主城区", "price": "106万", "unit": "11778元/㎡", "origin_url": "https://chizhou.esf.fang.com//chushou/16_201418.htm"}
{"province": "安徽", "city": "池州", "name": "铜冠三江明珠", "area": "82㎡", "rooms": "3室2厅", "floor": "高层（共6层）", "toward": "南北向", "year": "未知", "address": "主城区", "price": "75万", "unit": "9146元/㎡", "origin_url": "https://chizhou.esf.fang.com//chushou/16_201413.htm"}
{"province": "安徽", "city": "池州", "name": "杏花江南", "area": "123㎡", "rooms": "3室2厅", "floor": "高层（共7层）", "toward": "南北向", "year": "未知", "address": "主城区-杜坞路西北外环交叉口", "price": "90万", "unit": "7317元/㎡", "origin_url": "https://chizhou.esf.fang.com//chushou/16_201421.htm"}
{"province": "安徽", "city": "池州", "name": "恒泰家和园南苑", "area": "239㎡", "rooms": "4室5厅", "floor": "高层（共6层）", "toward": "南北向", "year": "未知", "address": "主城区", "price": "148万", "unit": "6192元/㎡", "origin_url": "https://chizhou.esf.fang.com//chushou/16_201422.htm"}
{"province": "安徽", "city": "池州", "name": "志城江山郡", "area": "120㎡", "rooms": "3室2厅", "floor": "高层（共11层）", "toward": "南北向", "year": "未知", "address": "经济开发区-池州市经济技术开发区金溪路99号(平天湖广场", "price": "60万", "unit": "5000元/㎡", "origin_url": "https://chizhou.esf.fang.com//chushou/16_201423.htm"}
{"province": "安徽", "city": "池州", "name": "志城江山郡", "area": "95㎡", "rooms": "3室2厅", "floor": "中层（共6层）", "toward": "南向", "year": "未知", "address": "经济开发区-池州市经济技术开发区金溪路99号(平天湖广场", "price": "54万", "unit": "5684元/㎡", "origin_url": "https://chizhou.esf.fang.com//chushou/16_201426.htm"}
{"province": "安徽", "city": "池州", "name": "百荷小区", "area": "106㎡", "rooms": "3室2厅", "floor": "中层（共6层）", "toward": "南北向", "year": "未知", "address": "主城区", "price": "99万", "unit": "9340元/㎡", "origin_url": "https://chizhou.esf.fang.com//chushou/16_201429.htm"}
{"province": "安徽", "city": "池州", "name": "秋浦花园", "area": "150㎡", "rooms": "4室2厅", "floor": "高层（共2层）", "toward": "南向", "year": "未知", "address": "主城区", "price": "50万", "unit": "3333元/㎡", "origin_url": "https://chizhou.esf.fang.com//chushou/16_201430.htm"}
{"province": "安徽", "city": "池州", "name": "齐山花园", "area": "103㎡", "rooms": "3室2厅", "floor": "高层（共6层）", "toward": "南北向", "year": "未知", "address": "站前区-齐山大道", "price": "56万", "unit": "5437元/㎡", "origin_url": "https://chizhou.esf.fang.com//chushou/16_201432.htm"}
{"province": "安徽", "city": "池州", "name": "万成香格里拉", "area": "90.91㎡", "rooms": "2室2厅", "floor": "中层（共11层）", "toward": "南北向", "year": "未知", "address": "主城区-白洋河南岸、昭明大道东", "price": "83万", "unit": "9130元/㎡", "origin_url": "https://chizhou.esf.fang.com//chushou/16_201434.htm"}
{"province": "安徽", "city": "池州", "name": "浦西新城", "area": "188㎡", "rooms": "6室4厅", "floor": "高层（共7层）", "toward": "南北向", "year": "未知", "address": "主城区-白洋河以北、清风西路以东", "price": "108万", "unit": "5745元/㎡", "origin_url": "https://chizhou.esf.fang.com//chushou/16_201436.htm"}
{"province": "安徽", "city": "池州", "name": "金汇·璞玉天城", "area": "118㎡", "rooms": "3室2厅", "floor": "中层（共18层）", "toward": "南北向", "year": "未知", "address": "站前区", "price": "60万", "unit": "5085元/㎡", "origin_url": "https://chizhou.esf.fang.com//chushou/16_201437.htm"}
{"province": "安徽", "city": "池州", "name": "世纪广场", "area": "67㎡", "rooms": "2室0厅", "floor": "中层（共4层）", "toward": "南向", "year": "未知", "address": "站前区", "price": "48万", "unit": "7164元/㎡", "origin_url": "https://chizhou.esf.fang.com//chushou/16_201431.htm"}
{"province": "安徽", "city": "池州", "name": "铜冠三江明珠", "area": "91.73㎡", "rooms": "3室2厅", "floor": "低层（共11层）", "toward": "南北向", "year": "未知", "address": "主城区-昭明大道与白洋河路交叉口西南侧", "price": "74万", "unit": "8067元/㎡", "origin_url": "https://chizhou.esf.fang.com//chushou/16_201438.htm"}
{"province": "安徽", "city": "池州", "name": "铜冠三江明珠", "area": "141㎡", "rooms": "4室2厅", "floor": "高层（共11层）", "toward": "南向", "year": "未知", "address": "主城区", "price": "115万", "unit": "8156元/㎡", "origin_url": "https://chizhou.esf.fang.com//chushou/16_201442.htm"}
{"province": "安徽", "city": "池州", "name": "绿洲桂花城", "area": "126㎡", "rooms": "3室2厅", "floor": "中层（共11层）", "toward": "南北向", "year": "未知", "address": "站前区", "price": "120万", "unit": "9524元/㎡", "origin_url": "https://chizhou.esf.fang.com//chushou/16_201444.htm"}
{"province": "安徽", "city": "池州", "name": "九华上城", "area": "86.2㎡", "rooms": "2室1厅", "floor": "低层（共14层）", "toward": "南北向", "year": "未知", "address": "站前区", "price": "26万", "unit": "3016元/㎡", "origin_url": "https://chizhou.esf.fang.com//chushou/16_201445.htm"}
{"province": "安徽", "city": "池州", "name": "波斯曼广场", "area": "94㎡", "rooms": "2室1厅", "floor": "高层（共30层）", "toward": "南北向", "year": "未知", "address": "主城区-池州市长江南路418号", "price": "60万", "unit": "6383元/㎡", "origin_url": "https://chizhou.esf.fang.com//chushou/16_201456.htm"}
{"province": "安徽", "city": "池州", "name": "东至碧桂园", "area": "144㎡", "rooms": "4室2厅", "floor": "中层（共18层）", "toward": "南北向", "year": "未知", "address": "尧渡镇", "price": "120万", "unit": "8333元/㎡", "origin_url": "https://chizhou.esf.fang.com//chushou/16_201457.htm"}
{"province": "安徽", "city": "池州", "name": "志城江山郡", "area": "103㎡", "rooms": "3室1厅", "floor": "中层（共6层）", "toward": "南向", "year": "未知", "address": "经济开发区-池州市经济技术开发区金溪路99号(平天湖广场", "price": "62万", "unit": "6019元/㎡", "origin_url": "https://chizhou.esf.fang.com//chushou/16_201458.htm"}
{"province": "安徽", "city": "池州", "name": "金诚水岸名都", "area": "87㎡", "rooms": "2室2厅", "floor": "高层（共6层）", "toward": "南向", "year": "未知", "address": "东至县开发区", "price": "37万", "unit": "4253元/㎡", "origin_url": "https://chizhou.esf.fang.com//chushou/16_201452.htm"}
{"province": "安徽", "city": "池州", "name": "秋浦路百荷小区", "area": "90.86㎡", "rooms": "3室2厅", "floor": "中层（共6层）", "toward": "南向", "year": "未知", "address": "主城区", "price": "86万", "unit": "9465元/㎡", "origin_url": "https://chizhou.esf.fang.com//chushou/16_201461.htm"}
{"province": "安徽", "city": "池州", "name": "渡口花园", "area": "40㎡", "rooms": "1室0厅", "floor": "高层（共1层）", "toward": "南北向", "year": "未知", "address": "政务新区", "price": "42万", "unit": "10500元/㎡", "origin_url": "https://chizhou.esf.fang.com//chushou/16_201463.htm"}
{"province": "安徽", "city": "池州", "name": "镇荣小区", "area": "128㎡", "rooms": "3室2厅", "floor": "高层（共5层）", "toward": "南北向", "year": "未知", "address": "政务新区", "price": "39万", "unit": "3047元/㎡", "origin_url": "https://chizhou.esf.fang.com//chushou/16_201462.htm"}
{"province": "安徽", "city": "池州", "name": "光华小区", "area": "78.16㎡", "rooms": "2室2厅", "floor": "高层（共17层）", "toward": "南向", "year": "未知", "address": "蓉城镇", "price": "41万", "unit": "5246元/㎡", "origin_url": "https://chizhou.esf.fang.com//chushou/16_201464.htm"}
{"province": "安徽", "city": "池州", "name": "桃源里小区", "area": "80㎡", "rooms": "2室2厅", "floor": "高层（共17层）", "toward": "南向", "year": "未知", "address": "蓉城镇", "price": "40万", "unit": "5000元/㎡", "origin_url": "https://chizhou.esf.fang.com//chushou/16_201465.htm"}
{"province": "安徽", "city": "池州", "name": "兴惠广场", "area": "104㎡", "rooms": "3室2厅", "floor": "中层（共21层）", "toward": "西北向", "year": "未知", "address": "站前区", "price": "68万", "unit": "6538元/㎡", "origin_url": "https://chizhou.esf.fang.com//chushou/16_201467.htm"}
{"province": "安徽", "city": "池州", "name": "衡阳市丁家牌楼小区", "area": "162.2㎡", "rooms": "4室2厅", "floor": "高层（共8层）", "toward": "南北向", "year": "未知", "address": null, "price": "53万", "unit": "3268元/㎡", "origin_url": "https://chizhou.esf.fang.com//chushou/16_201466.htm"}
{"province": "安徽", "city": "池州", "name": "新康花园", "area": "120㎡", "rooms": "3室2厅", "floor": "高层（共6层）", "toward": "南北向", "year": "未知", "address": "政务新区", "price": "29万", "unit": "2417元/㎡", "origin_url": "https://chizhou.esf.fang.com//chushou/16_201470.htm"}
{"province": "安徽", "city": "池州", "name": "宇业书香名邸", "area": "120㎡", "rooms": "3室2厅", "floor": "中层（共6层）", "toward": "南北向", "year": "未知", "address": "主城区-西北外环与建设西路交叉口东南角", "price": "105万", "unit": "8750元/㎡", "origin_url": "https://chizhou.esf.fang.com//chushou/16_201471.htm"}
{"province": "安徽", "city": "池州", "name": "东至大渡口滨江一号", "area": "112.28㎡", "rooms": "3室2厅", "floor": "高层（共22层）", "toward": "南北向", "year": "未知", "address": "政务新区", "price": "50万", "unit": "4453元/㎡", "origin_url": "https://chizhou.esf.fang.com//chushou/16_201473.htm"}
{"province": "安徽", "city": "池州", "name": "高速秋浦天地", "area": "115㎡", "rooms": "3室2厅", "floor": "中层（共21层）", "toward": "南北向", "year": "未知", "address": "站前区-站前路与齐山大道交汇处", "price": "45万", "unit": "3913元/㎡", "origin_url": "https://chizhou.esf.fang.com//chushou/16_201474.htm"}
{"province": "安徽", "city": "池州", "name": "翠微苑", "area": "97㎡", "rooms": "3室2厅", "floor": "低层（共5层）", "toward": "南向", "year": "未知", "address": "主城区", "price": "78万", "unit": "8041元/㎡", "origin_url": "https://chizhou.esf.fang.com//chushou/16_201481.htm"}
{"province": "安徽", "city": "池州", "name": "兴佳小区", "area": "80㎡", "rooms": "2室2厅", "floor": "高层（共6层）", "toward": "南向", "year": "未知", "address": "主城区-翠微东路北侧", "price": "72万", "unit": "9000元/㎡", "origin_url": "https://chizhou.esf.fang.com//chushou/16_201478.htm"}
{"province": "安徽", "city": "池州", "name": "康庄·城市花园", "area": "95㎡", "rooms": "3室2厅", "floor": "中层（共6层）", "toward": "南向", "year": "未知", "address": "主城区-池州市齐山大道88号(温州商贸城南侧)", "price": "92万", "unit": "9684元/㎡", "origin_url": "https://chizhou.esf.fang.com//chushou/16_201482.htm"}
{"province": "安徽", "city": "池州", "name": "天祥·樟树湾", "area": "92.3㎡", "rooms": "3室2厅", "floor": "中层（共6层）", "toward": "南北向", "year": "未知", "address": "主城区-青阳路与翠柏路交汇处(公安局后面)。", "price": "80万", "unit": "8667元/㎡", "origin_url": "https://chizhou.esf.fang.com//chushou/16_201483.htm"}
{"province": "安徽", "city": "池州", "name": "铜冠三江明珠", "area": "100.62㎡", "rooms": "3室1厅", "floor": "中层（共11层）", "toward": "南北向", "year": "未知", "address": "主城区-昭明大道与白洋河路交叉口西南侧", "price": "75万", "unit": "7454元/㎡", "origin_url": "https://chizhou.esf.fang.com//chushou/16_201485.htm"}
{"province": "安徽", "city": "池州", "name": "金汇·璞玉天城", "area": "100㎡", "rooms": "3室2厅", "floor": "中层（共25层）", "toward": "南北向", "year": "未知", "address": "站前区-池州市长江南路与太平路(林荫路)交汇处东北角", "price": "65万", "unit": "6500元/㎡", "origin_url": "https://chizhou.esf.fang.com//chushou/16_201486.htm"}
{"province": "安徽", "city": "池州", "name": "亿达湖滨花园", "area": "112.67㎡", "rooms": "3室2厅", "floor": "低层（共17层）", "toward": "南北向", "year": "未知", "address": "蓉城镇", "price": "90万", "unit": "7988元/㎡", "origin_url": "https://chizhou.esf.fang.com//chushou/16_201487.htm"}
{"province": "安徽", "city": "池州", "name": "青阳商业广场", "area": "117.8㎡", "rooms": "3室2厅", "floor": "高层（共25层）", "toward": "南北向", "year": "未知", "address": "蓉城镇", "price": "56万", "unit": "4754元/㎡", "origin_url": "https://chizhou.esf.fang.com//chushou/16_201488.htm"}
{"province": "安徽", "city": "池州", "name": "志城江山郡", "area": "94㎡", "rooms": "3室1厅", "floor": "中层（共11层）", "toward": "南北向", "year": "未知", "address": "经济开发区-池州市经济技术开发区金溪路99号(平天湖广场", "price": "59万", "unit": "6277元/㎡", "origin_url": "https://chizhou.esf.fang.com//chushou/16_201489.htm"}
{"province": "安徽", "city": "池州", "name": "江南都市恬园", "area": "111.7㎡", "rooms": "2室2厅", "floor": "中层（共18层）", "toward": "东南向", "year": "未知", "address": "尧渡镇", "price": "45万", "unit": "4029元/㎡", "origin_url": "https://chizhou.esf.fang.com//chushou/16_201490.htm"}
{"province": "安徽", "city": "池州", "name": "世纪广场 宾馆", "area": "328㎡", "rooms": "9室1厅", "floor": "高层（共6层）", "toward": "南北向", "year": "未知", "address": "站前区", "price": "150万", "unit": "4573元/㎡", "origin_url": "https://chizhou.esf.fang.com//chushou/16_201495.htm"}
{"province": "安徽", "city": "池州", "name": "银海花园学府", "area": "150㎡", "rooms": "4室2厅", "floor": "高层（共6层）", "toward": "南向", "year": "未知", "address": "经济开发区-池州八中斜对面=康庄大道以南、生态大道以北", "price": "38万", "unit": "2533元/㎡", "origin_url": "https://chizhou.esf.fang.com//chushou/16_201494.htm"}
{"province": "安徽", "city": "池州", "name": "浦西新城", "area": "84.18㎡", "rooms": "2室2厅", "floor": "中层（共6层）", "toward": "南向", "year": "未知", "address": "主城区-白洋河以北、清风西路以东", "price": "79万", "unit": "9385元/㎡", "origin_url": "https://chizhou.esf.fang.com//chushou/16_201497.htm"}
{"province": "安徽", "city": "池州", "name": "天祥·樟树湾", "area": "100.48㎡", "rooms": "3室2厅", "floor": "低层（共6层）", "toward": "南北向", "year": "未知", "address": "主城区-青阳路与翠柏路交汇处(公安局后面)。", "price": "77万", "unit": "7663元/㎡", "origin_url": "https://chizhou.esf.fang.com//chushou/16_201500.htm"}
{"province": "安徽", "city": "池州", "name": "伊美城市首府", "area": "125㎡", "rooms": "3室2厅", "floor": "中层（共6层）", "toward": "南北向", "year": "未知", "address": "站前区-齐山大道与陵阳大道交汇处(齐山风景区旁)", "price": "105万", "unit": "8400元/㎡", "origin_url": "https://chizhou.esf.fang.com//chushou/16_201499.htm"}
{"province": "安徽", "city": "池州", "name": "曼哈顿", "area": "110㎡", "rooms": "3室2厅", "floor": "高层（共15层）", "toward": "西南向", "year": "未知", "address": "主城区", "price": "113万", "unit": "10273元/㎡", "origin_url": "https://chizhou.esf.fang.com//chushou/16_201504.htm"}
{"province": "安徽", "city": "池州", "name": "百合·幸福里", "area": "116㎡", "rooms": "4室2厅", "floor": "高层（共6层）", "toward": "南向", "year": "未知", "address": "主城区", "price": "83万", "unit": "7155元/㎡", "origin_url": "https://chizhou.esf.fang.com//chushou/16_201498.htm"}
{"province": "安徽", "city": "池州", "name": "和泰·星城国际", "area": "42㎡", "rooms": "2室1厅", "floor": "中层（共6层）", "toward": "南向", "year": "未知", "address": "主城区-东湖路与清风路交叉口西北角", "price": "33万", "unit": "7857元/㎡", "origin_url": "https://chizhou.esf.fang.com//chushou/16_201503.htm"}
{"province": "安徽", "city": "池州", "name": "万成香格里拉", "area": "110㎡", "rooms": "3室2厅", "floor": "高层（共25层）", "toward": "南北向", "year": "未知", "address": "主城区-白洋河南岸、昭明大道东", "price": "100万", "unit": "9091元/㎡", "origin_url": "https://chizhou.esf.fang.com//chushou/16_201506.htm"}
{"province": "安徽", "city": "池州", "name": "兴济小区", "area": "82㎡", "rooms": "3室1厅", "floor": "低层（共6层）", "toward": "南北向", "year": "未知", "address": "主城区-秋浦中路与东湖中路交叉口", "price": "78万", "unit": "9512元/㎡", "origin_url": "https://chizhou.esf.fang.com//chushou/16_201507.htm"}
{"province": "安徽", "city": "池州", "name": "南郡水岸", "area": "104.8㎡", "rooms": "2室2厅", "floor": "高层（共18层）", "toward": "南北向", "year": "未知", "address": "尧渡镇", "price": "50万", "unit": "4771元/㎡", "origin_url": "https://chizhou.esf.fang.com//chushou/16_201416.htm"}
{"province": "安徽", "city": "池州", "name": "广联翠屿", "area": "133㎡", "rooms": "3室2厅", "floor": "中层（共5层）", "toward": "南北向", "year": "未知", "address": "经济开发区-清溪大道北侧(上小湖以西)", "price": "86万", "unit": "6466元/㎡", "origin_url": "https://chizhou.esf.fang.com//chushou/16_201509.htm"}
{"province": "安徽", "city": "池州", "name": "黄梅戏剧团", "area": "76.52㎡", "rooms": "3室1厅", "floor": "中层（共6层）", "toward": "南北向", "year": "未知", "address": "主城区-建设西路", "price": "63万", "unit": "8233元/㎡", "origin_url": "https://chizhou.esf.fang.com//chushou/16_201484.htm"}
{"province": "安徽", "city": "池州", "name": "绿洲桂花城", "area": "85.07㎡", "rooms": "2室2厅", "floor": "高层（共15层）", "toward": "南向", "year": "未知", "address": "站前区-池州市站前区长江南路百汇广场对面", "price": "71万", "unit": "8346元/㎡", "origin_url": "https://chizhou.esf.fang.com//chushou/16_201512.htm"}
{"province": "安徽", "city": "池州", "name": "龙登·凤凰城", "area": "100㎡", "rooms": "3室1厅", "floor": "中层（共30层）", "toward": "南北向", "year": "未知", "address": "主城区-池州市百牙西路99号", "price": "78万", "unit": "7800元/㎡", "origin_url": "https://chizhou.esf.fang.com//chushou/16_201514.htm"}
{"province": "安徽", "city": "池州", "name": "百荷小区", "area": "90.63㎡", "rooms": "2室2厅", "floor": "高层（共6层）", "toward": "南北向", "year": "未知", "address": null, "price": "86万", "unit": "9489元/㎡", "origin_url": "https://chizhou.esf.fang.com//chushou/16_201513.htm"}
{"province": "安徽", "city": "池州", "name": "和泰·星城国际", "area": "109㎡", "rooms": "3室2厅", "floor": "中层（共6层）", "toward": "南向", "year": "未知", "address": "主城区-东湖路与清风路交叉口西北角", "price": "91万", "unit": "8349元/㎡", "origin_url": "https://chizhou.esf.fang.com//chushou/16_201516.htm"}
{"province": "安徽", "city": "黄山", "name": "欧罗巴", "area": "91.65㎡", "rooms": "2室2厅", "floor": "中层（共11层）", "toward": "南北向", "year": "未知", "address": "休宁县", "price": "39万", "unit": "4255元/㎡", "origin_url": "https://huangshan.esf.fang.com//chushou/16_201912.htm"}
{"province": "安徽", "city": "马鞍山", "name": "朗诗熙华府", "area": "89.6㎡", "rooms": "3室2厅", "floor": "中层（共18层）", "toward": "南向", "year": "2017年", "address": "雨山-霍里山大道与九华东路交叉口", "price": "60万", "unit": "6696元/㎡", "origin_url": "https://mas.esf.fang.com//chushou/3_174454980.htm"}
{"province": "安徽", "city": "黄山", "name": "龙北小区", "area": "57㎡", "rooms": "2室1厅", "floor": "低层（共4层）", "toward": "南向", "year": "未知", "address": "黄山区", "price": "29万", "unit": "5088元/㎡", "origin_url": "https://huangshan.esf.fang.com//chushou/16_201913.htm"}
{"province": "安徽", "city": "黄山", "name": "梅林国际", "area": "110.71㎡", "rooms": "3室2厅", "floor": "低层（共18层）", "toward": "南北向", "year": "未知", "address": "休宁县", "price": "78万", "unit": "7045元/㎡", "origin_url": "https://huangshan.esf.fang.com//chushou/16_201914.htm"}
{"province": "安徽", "city": "黄山", "name": "纳尼亚小镇", "area": "74㎡", "rooms": "2室1厅", "floor": "高层（共9层）", "toward": "南北向", "year": "未知", "address": "徽州区-永佳大道889号", "price": "65万", "unit": "8784元/㎡", "origin_url": "https://huangshan.esf.fang.com//chushou/16_201915.htm"}
{"province": "安徽", "city": "黄山", "name": "纳尼亚小镇", "area": "248㎡", "rooms": "5室2厅", "floor": "高层（共3层）", "toward": "南向", "year": "未知", "address": "徽州区-永佳大道889号", "price": "208万", "unit": "8387元/㎡", "origin_url": "https://huangshan.esf.fang.com//chushou/16_201916.htm"}
{"province": "安徽", "city": "黄山", "name": "亲亲家园", "area": "101㎡", "rooms": "3室2厅", "floor": "低层（共5层）", "toward": "南北向", "year": "未知", "address": "屯溪区", "price": "125万", "unit": "12376元/㎡", "origin_url": "https://huangshan.esf.fang.com//chushou/16_201918.htm"}
{"province": "安徽", "city": "黄山", "name": "龙北小区", "area": "57㎡", "rooms": "2室1厅", "floor": "低层（共4层）", "toward": "南向", "year": "未知", "address": "黄山区", "price": "29万", "unit": "5088元/㎡", "origin_url": "https://huangshan.esf.fang.com//chushou/16_201920.htm"}
{"province": "安徽", "city": "黄山", "name": "前园北路21号昱丰苑小区", "area": "160㎡", "rooms": "5室2厅", "floor": "中层（共5层）", "toward": "南北向", "year": "未知", "address": "屯溪区", "price": "138万", "unit": "8625元/㎡", "origin_url": "https://huangshan.esf.fang.com//chushou/16_201923.htm"}
{"province": "安徽", "city": "黄山", "name": "前园北路21号昱丰苑", "area": "67㎡", "rooms": "2室1厅", "floor": "中层（共5层）", "toward": "南北向", "year": "未知", "address": "屯溪区", "price": "58万", "unit": "8657元/㎡", "origin_url": "https://huangshan.esf.fang.com//chushou/16_201922.htm"}
{"province": "安徽", "city": "黄山", "name": "黄山区平湖假日", "area": "69㎡", "rooms": "2室2厅", "floor": "高层（共4层）", "toward": "南北向", "year": "未知", "address": "黄山区", "price": "45万", "unit": "6522元/㎡", "origin_url": "https://huangshan.esf.fang.com//chushou/16_201925.htm"}
{"province": "安徽", "city": "马鞍山", "name": "西湖花园", "area": "88.39㎡", "rooms": "3室2厅", "floor": "高层（共11层）", "toward": "南向", "year": "2012年", "address": "花山-马濮路与江东大道东北", "price": "110万", "unit": "12445元/㎡", "origin_url": "https://mas.esf.fang.com//chushou/3_173660479.htm"}
{"province": "安徽", "city": "马鞍山", "name": "恒大-御景湾", "area": "97㎡", "rooms": "3室2厅", "floor": "中层（共18层）", "toward": "南向", "year": "2014年", "address": "花山-旅游大道与汇秀路交叉口东南", "price": "99万", "unit": "10206元/㎡", "origin_url": "https://mas.esf.fang.com//chushou/3_173659245.htm"}
{"province": "安徽", "city": "马鞍山", "name": "江南御花园", "area": "110㎡", "rooms": "2室2厅", "floor": "高层（共6层）", "toward": "南向", "year": "2006年", "address": "雨山-江东大道与九华路口", "price": "70万", "unit": "6364元/㎡", "origin_url": "https://mas.esf.fang.com//chushou/3_173853331.htm"}
{"province": "安徽", "city": "马鞍山", "name": "东苑小区一村", "area": "111㎡", "rooms": "3室2厅", "floor": "高层（共6层）", "toward": "南向", "year": "2014年", "address": "花山-江东大道北段", "price": "86万", "unit": "7748元/㎡", "origin_url": "https://mas.esf.fang.com//chushou/3_174576553.htm"}
{"province": "安徽", "city": "马鞍山", "name": "恒生.秀山郡", "area": "117㎡", "rooms": "3室2厅", "floor": "中层（共32层）", "toward": "南向", "year": "2019年", "address": "花山-马旅游大道与霍里山大道交叉口东北", "price": "88万", "unit": "7521元/㎡", "origin_url": "https://mas.esf.fang.com//chushou/3_174081723.htm"}
{"province": "安徽", "city": "马鞍山", "name": "明都财富广场", "area": "80㎡", "rooms": "1室1厅", "floor": "低层（共3层）", "toward": "南北向", "year": "2017年", "address": "花山-徍山路299号", "price": "128万", "unit": "16000元/㎡", "origin_url": "https://mas.esf.fang.com//chushou/3_173190551.htm"}
{"province": "安徽", "city": "马鞍山", "name": "春江雅苑", "area": "95㎡", "rooms": "3室2厅", "floor": "中层（共6层）", "toward": "南向", "year": "未知", "address": "雨山-慈湖河路西", "price": "63万", "unit": "6632元/㎡", "origin_url": "https://mas.esf.fang.com//chushou/3_173786709.htm"}
{"province": "安徽", "city": "马鞍山", "name": "中冶雨韵阁", "area": "98.5㎡", "rooms": "3室1厅", "floor": "低层（共18层）", "toward": "南向", "year": "2014年", "address": "雨山西路-雨山-雨山西路-中冶雨韵阁", "price": "93万", "unit": "9442元/㎡", "origin_url": "https://mas.esf.fang.com//chushou/3_174229761.htm"}
{"province": "安徽", "city": "马鞍山", "name": "新宸·金悦府", "area": "98㎡", "rooms": "3室2厅", "floor": "中层（共18层）", "toward": "南向", "year": "2014年", "address": "当涂-湖西南路与釜山路交汇", "price": "60万", "unit": "6122元/㎡", "origin_url": "https://mas.esf.fang.com//chushou/3_173789556.htm"}
{"province": "安徽", "city": "马鞍山", "name": "西湖公元皇府", "area": "136㎡", "rooms": "4室2厅", "floor": "低层（共18层）", "toward": "南向", "year": "2010年", "address": "雨山-印山路和湖东南路交汇处", "price": "160万", "unit": "11765元/㎡", "origin_url": "https://mas.esf.fang.com//chushou/3_173290895.htm"}
{"province": "安徽", "city": "马鞍山", "name": "春晖家园西区", "area": "106㎡", "rooms": "3室2厅", "floor": "高层（共6层）", "toward": "南向", "year": "2014年", "address": "雨山-江东大道、印山路口东北角", "price": "89.5万", "unit": "8443元/㎡", "origin_url": "https://mas.esf.fang.com//chushou/3_174332025.htm"}
{"province": "安徽", "city": "马鞍山", "name": "圳秀国际金湖湾", "area": "108㎡", "rooms": "3室2厅", "floor": "高层（共23层）", "toward": "南向", "year": "2016年", "address": "幸福路-花山-幸福路-圳秀国际金湖湾", "price": "105万", "unit": "9722元/㎡", "origin_url": "https://mas.esf.fang.com//chushou/3_173545273.htm"}
{"province": "安徽", "city": "马鞍山", "name": "金鹰天地广场", "area": "117㎡", "rooms": "3室2厅", "floor": "高层（共28层）", "toward": "南北向", "year": "2014年", "address": "花山-花山-花山-金鹰天地广场", "price": "123万", "unit": "10513元/㎡", "origin_url": "https://mas.esf.fang.com//chushou/3_173790590.htm"}
{"province": "安徽", "city": "黄山", "name": "新跃小区", "area": "70.33㎡", "rooms": "2室2厅", "floor": "高层（共5层）", "toward": "南北向", "year": "未知", "address": "屯溪区", "price": "72万", "unit": "10237元/㎡", "origin_url": "https://huangshan.esf.fang.com//chushou/16_201926.htm"}
{"province": "安徽", "city": "黄山", "name": "忻安华庭", "area": "83㎡", "rooms": "2室2厅", "floor": "低层（共5层）", "toward": "南北向", "year": "未知", "address": "黄山区", "price": "60万", "unit": "7229元/㎡", "origin_url": "https://huangshan.esf.fang.com//chushou/16_201930.htm"}
{"province": "安徽", "city": "黄山", "name": "黄山屯溪鼎天家园", "area": "50㎡", "rooms": "1室1厅", "floor": "中层（共13层）", "toward": "南向", "year": "未知", "address": "屯溪区", "price": "36万", "unit": "7200元/㎡", "origin_url": "https://huangshan.esf.fang.com//chushou/16_201929.htm"}
{"province": "安徽", "city": "黄山", "name": "元一黄山大观", "area": "31㎡", "rooms": "1室0厅", "floor": "低层（共20层）", "toward": "南向", "year": "未知", "address": "屯溪区", "price": "25万", "unit": "8065元/㎡", "origin_url": "https://huangshan.esf.fang.com//chushou/16_201928.htm"}
{"province": "安徽", "city": "黄山", "name": "徽州公馆", "area": "51㎡", "rooms": "1室1厅", "floor": "高层（共18层）", "toward": "南向", "year": "未知", "address": "屯溪区", "price": "56万", "unit": "10980元/㎡", "origin_url": "https://huangshan.esf.fang.com//chushou/16_201932.htm"}
{"province": "安徽", "city": "黄山", "name": "梦园村", "area": "92㎡", "rooms": "3室2厅", "floor": "中层（共6层）", "toward": "南向", "year": "未知", "address": "屯溪区", "price": "75万", "unit": "8152元/㎡", "origin_url": "https://huangshan.esf.fang.com//chushou/16_201931.htm"}
{"province": "安徽", "city": "黄山", "name": "花墙小区", "area": "69.05㎡", "rooms": "3室1厅", "floor": "中层（共6层）", "toward": "南北向", "year": "未知", "address": "黟县", "price": "27万", "unit": "3910元/㎡", "origin_url": "https://huangshan.esf.fang.com//chushou/16_201909.htm"}
{"province": "安徽", "city": "黄山", "name": "锦绣江南", "area": "168㎡", "rooms": "4室2厅", "floor": "低层（共6层）", "toward": "南北向", "year": "未知", "address": "屯溪区", "price": "146万", "unit": "8690元/㎡", "origin_url": "https://huangshan.esf.fang.com//chushou/16_201938.htm"}
{"province": "安徽", "city": "黄山", "name": "名人大厦", "area": "76.36㎡", "rooms": "2室2厅", "floor": "中层（共9层）", "toward": "北向", "year": "未知", "address": "屯溪区", "price": "58万", "unit": "7596元/㎡", "origin_url": "https://huangshan.esf.fang.com//chushou/16_201942.htm"}
{"province": "安徽", "city": "黄山", "name": "依云红郡", "area": "92㎡", "rooms": "3室2厅", "floor": "中层（共10层）", "toward": "南北向", "year": "未知", "address": "屯溪区", "price": "78万", "unit": "8478元/㎡", "origin_url": "https://huangshan.esf.fang.com//chushou/16_201941.htm"}
{"province": "安徽", "city": "黄山", "name": "汇鑫秀水豪园", "area": "82㎡", "rooms": "2室2厅", "floor": "高层（共6层）", "toward": "南向", "year": "未知", "address": "屯溪区", "price": "70万", "unit": "8537元/㎡", "origin_url": "https://huangshan.esf.fang.com//chushou/16_201940.htm"}
{"province": "安徽", "city": "黄山", "name": "滨河花园", "area": "142㎡", "rooms": "4室2厅", "floor": "中层（共6层）", "toward": "南向", "year": "未知", "address": "歙县", "price": "62万", "unit": "4366元/㎡", "origin_url": "https://huangshan.esf.fang.com//chushou/16_201948.htm"}
{"province": "安徽", "city": "马鞍山", "name": "朝辉东方城四区", "area": "87.53㎡", "rooms": "2室2厅", "floor": "中层（共33层）", "toward": "南向", "year": "2015年", "address": "花山-雨山东路近花园路", "price": "71.5万", "unit": "8169元/㎡", "origin_url": "https://mas.esf.fang.com//chushou/3_174226432.htm"}
{"province": "安徽", "city": "马鞍山", "name": "安粮城市花园", "area": "105㎡", "rooms": "未知", "floor": "未知", "toward": "南向", "year": "未知", "address": "花山-安粮城市广场", "price": "103万", "unit": "9810元/㎡", "origin_url": "https://mas.esf.fang.com//chushou/10_173770434.htm"}
{"province": "安徽", "city": "马鞍山", "name": "朝辉东方城", "area": "89㎡", "rooms": "2室1厅", "floor": "高层（共34层）", "toward": "南向", "year": "2018年", "address": "花山-东至慈湖河、南至花园路、西至慈湖河路、北至湖", "price": "85万", "unit": "9551元/㎡", "origin_url": "https://mas.esf.fang.com//chushou/3_174595341.htm"}
{"province": "安徽", "city": "马鞍山", "name": "绿地臻城一期", "area": "115㎡", "rooms": "3室2厅", "floor": "高层（共22层）", "toward": "南北向", "year": "未知", "address": "花山-金溪路771号西南方向190米", "price": "105万", "unit": "9130元/㎡", "origin_url": "https://mas.esf.fang.com//chushou/3_173235053.htm"}
{"province": "安徽", "city": "马鞍山", "name": "康乐家园", "area": "79㎡", "rooms": "2室2厅", "floor": "高层（共6层）", "toward": "南向", "year": "未知", "address": "花山-康乐路4号", "price": "64.5万", "unit": "8165元/㎡", "origin_url": "https://mas.esf.fang.com//chushou/3_173729481.htm"}
{"province": "安徽", "city": "马鞍山", "name": "绿洲花园", "area": "90㎡", "rooms": "2室2厅", "floor": "低层（共6层）", "toward": "南向", "year": "2012年", "address": "花山-葛羊路中段", "price": "59.8万", "unit": "6644元/㎡", "origin_url": "https://mas.esf.fang.com//chushou/3_174434269.htm"}
{"province": "安徽", "city": "马鞍山", "name": "碧桂园如山湖城", "area": "69㎡", "rooms": "2室2厅", "floor": "中层（共11层）", "toward": "南向", "year": "2014年", "address": "和县-和县-和县-碧桂园如山湖城", "price": "25万", "unit": "3623元/㎡", "origin_url": "https://mas.esf.fang.com//chushou/3_173790351.htm"}
{"province": "安徽", "city": "马鞍山", "name": "楚江郦城", "area": "97㎡", "rooms": "3室2厅", "floor": "中层（共11层）", "toward": "南向", "year": "2013年", "address": "和县-乌江镇", "price": "52万", "unit": "5361元/㎡", "origin_url": "https://mas.esf.fang.com//chushou/3_159318063.htm"}
{"province": "安徽", "city": "马鞍山", "name": "郎诗熙华府", "area": "90㎡", "rooms": "3室2厅", "floor": "中层（共32层）", "toward": "南向", "year": "未知", "address": "雨山-磁山路528号", "price": "59万", "unit": "6556元/㎡", "origin_url": "https://mas.esf.fang.com//chushou/3_174304700.htm"}
{"province": "安徽", "city": "马鞍山", "name": "阳湖花园", "area": "73㎡", "rooms": "2室1厅", "floor": "中层（共6层）", "toward": "南向", "year": "2009年", "address": "花山-佳山乡印山村", "price": "47万", "unit": "6438元/㎡", "origin_url": "https://mas.esf.fang.com//chushou/3_174586425.htm"}
{"province": "安徽", "city": "马鞍山", "name": "御景园", "area": "116㎡", "rooms": "3室2厅", "floor": "中层（共9层）", "toward": "南向", "year": "2012年", "address": "雨山-安工大东校区东侧", "price": "88万", "unit": "7586元/㎡", "origin_url": "https://mas.esf.fang.com//chushou/3_174019721.htm"}
{"province": "安徽", "city": "马鞍山", "name": "安粮城市广场", "area": "92㎡", "rooms": "2室2厅", "floor": "中层（共26层）", "toward": "南向", "year": "未知", "address": "幸福路-花山-幸福路-安粮城市广场", "price": "78.8万", "unit": "8565元/㎡", "origin_url": "https://mas.esf.fang.com//chushou/3_173200538.htm"}
{"province": "安徽", "city": "马鞍山", "name": "碧桂园滨江世家", "area": "118.14㎡", "rooms": "3室2厅", "floor": "高层（共24层）", "toward": "南北向", "year": "2019年", "address": "当涂-当涂县东营北路西50米", "price": "65.5万", "unit": "5544元/㎡", "origin_url": "https://mas.esf.fang.com//chushou/3_174589164.htm"}
{"province": "安徽", "city": "马鞍山", "name": "江东小区", "area": "132㎡", "rooms": "3室2厅", "floor": "低层（共11层）", "toward": "南向", "year": "2013年", "address": "雨山-花山路与雨山路交叉口西北角", "price": "102万", "unit": "7727元/㎡", "origin_url": "https://mas.esf.fang.com//chushou/3_174478863.htm"}
{"province": "安徽", "city": "宿州", "name": "山水御景花园", "area": "94㎡", "rooms": "3室1厅", "floor": "高层（共6层）", "toward": "南北向", "year": "未知", "address": "灵璧县", "price": "70万", "unit": "7447元/㎡", "origin_url": "https://ahsuzhou.esf.fang.com//chushou/16_201638.htm"}
{"province": "安徽", "city": "宿州", "name": "宿州欧景名城", "area": "104㎡", "rooms": "2室1厅", "floor": "高层（共5层）", "toward": "南北向", "year": "未知", "address": "埇桥区", "price": "93万", "unit": "8942元/㎡", "origin_url": "https://ahsuzhou.esf.fang.com//chushou/16_201639.htm"}
{"province": "安徽", "city": "黄山", "name": "米兰春天", "area": "88㎡", "rooms": "2室2厅", "floor": "中层（共5层）", "toward": "南北向", "year": "未知", "address": "屯溪区", "price": "90万", "unit": "10227元/㎡", "origin_url": "https://huangshan.esf.fang.com//chushou/16_201947.htm"}
{"province": "安徽", "city": "黄山", "name": "米兰春天", "area": "88㎡", "rooms": "2室2厅", "floor": "中层（共5层）", "toward": "南北向", "year": "未知", "address": "屯溪区", "price": "90万", "unit": "10227元/㎡", "origin_url": "https://huangshan.esf.fang.com//chushou/16_201946.htm"}
{"province": "安徽", "city": "黄山", "name": "依云红郡", "area": "85㎡", "rooms": "2室2厅", "floor": "低层（共10层）", "toward": "南北向", "year": "未知", "address": "屯溪区", "price": "70万", "unit": "8235元/㎡", "origin_url": "https://huangshan.esf.fang.com//chushou/16_201945.htm"}
{"province": "安徽", "city": "黄山", "name": "黟县黟山郡", "area": "268㎡", "rooms": "5室2厅", "floor": "低层（共3层）", "toward": "南向", "year": "未知", "address": "黟县", "price": "150万", "unit": "5597元/㎡", "origin_url": "https://huangshan.esf.fang.com//chushou/16_201949.htm"}
{"province": "安徽", "city": "黄山", "name": "桃花源独栋别墅带超大院子沿小溪", "area": "255㎡", "rooms": "4室2厅", "floor": "低层（共3层）", "toward": "南北向", "year": "未知", "address": "屯溪区", "price": "350万", "unit": "13725元/㎡", "origin_url": "https://huangshan.esf.fang.com//chushou/16_201953.htm"}
{"province": "安徽", "city": "黄山", "name": "锦绣E居", "area": "48㎡", "rooms": "1室1厅", "floor": "高层（共12层）", "toward": "南向", "year": "未知", "address": "屯溪区", "price": "38万", "unit": "7917元/㎡", "origin_url": "https://huangshan.esf.fang.com//chushou/16_201937.htm"}
{"province": "安徽", "city": "黄山", "name": "元一大观", "area": "36.86㎡", "rooms": "1室1厅", "floor": "低层（共30层）", "toward": "南北向", "year": "未知", "address": "屯溪区", "price": "35万", "unit": "9495元/㎡", "origin_url": "https://huangshan.esf.fang.com//chushou/16_201943.htm"}
{"province": "安徽", "city": "黄山", "name": "柏景雅居", "area": "127㎡", "rooms": "3室2厅", "floor": "中层（共14层）", "toward": "南北向", "year": "未知", "address": "屯溪区", "price": "170万", "unit": "13386元/㎡", "origin_url": "https://huangshan.esf.fang.com//chushou/16_201952.htm"}
{"province": "安徽", "city": "黄山", "name": "柏景雅居", "area": "127㎡", "rooms": "3室2厅", "floor": "中层（共14层）", "toward": "南北向", "year": "未知", "address": "屯溪区", "price": "170万", "unit": "13386元/㎡", "origin_url": "https://huangshan.esf.fang.com//chushou/16_201954.htm"}
{"province": "安徽", "city": "黄山", "name": "柏景雅居", "area": "127㎡", "rooms": "3室2厅", "floor": "中层（共14层）", "toward": "南北向", "year": "未知", "address": "屯溪区", "price": "170万", "unit": "13386元/㎡", "origin_url": "https://huangshan.esf.fang.com//chushou/16_201956.htm"}
{"province": "安徽", "city": "黄山", "name": "徽州花苑", "area": "172㎡", "rooms": "6室2厅", "floor": "高层（共5层）", "toward": "南北向", "year": "未知", "address": "歙县", "price": "116万", "unit": "6744元/㎡", "origin_url": "https://huangshan.esf.fang.com//chushou/16_201846.htm"}
{"province": "安徽", "city": "黄山", "name": "城市花园", "area": "124㎡", "rooms": "3室2厅", "floor": "中层（共7层）", "toward": "南北向", "year": "未知", "address": "屯溪区", "price": "113万", "unit": "9113元/㎡", "origin_url": "https://huangshan.esf.fang.com//chushou/16_201965.htm"}
{"province": "安徽", "city": "黄山", "name": "小商品市场", "area": "71㎡", "rooms": "2室2厅", "floor": "高层（共2层）", "toward": "南北向", "year": "未知", "address": "屯溪区", "price": "76万", "unit": "10704元/㎡", "origin_url": "https://huangshan.esf.fang.com//chushou/16_201969.htm"}
{"province": "安徽", "city": "黄山", "name": "江南新城红枫苑储藏间出售", "area": "11.17㎡", "rooms": "1室1厅", "floor": "高层（共1层）", "toward": "南向", "year": "未知", "address": "屯溪区", "price": "7万", "unit": "6267元/㎡", "origin_url": "https://huangshan.esf.fang.com//chushou/16_201972.htm"}
{"province": "安徽", "city": "黄山", "name": "北岸村方村", "area": "268㎡", "rooms": "7室2厅", "floor": "低层（共3层）", "toward": "南北向", "year": "未知", "address": "歙县", "price": "42万", "unit": "1567元/㎡", "origin_url": "https://huangshan.esf.fang.com//chushou/16_201973.htm"}
{"province": "安徽", "city": "黄山", "name": "栢悦府", "area": "257㎡", "rooms": "5室2厅", "floor": "低层（共3层）", "toward": "南北向", "year": "未知", "address": "黄山区", "price": "630万", "unit": "24514元/㎡", "origin_url": "https://huangshan.esf.fang.com//chushou/16_201975.htm"}
{"province": "安徽", "city": "马鞍山", "name": "雨韵阁", "area": "115㎡", "rooms": "3室2厅", "floor": "高层（共18层）", "toward": "南向", "year": "未知", "address": "雨山-西域路58号", "price": "99.8万", "unit": "8678元/㎡", "origin_url": "https://mas.esf.fang.com//chushou/3_173854225.htm"}
{"province": "安徽", "city": "马鞍山", "name": "朱家塘小区", "area": "81㎡", "rooms": "2室1厅", "floor": "中层（共6层）", "toward": "南向", "year": "2014年", "address": "花山-王家山路88号", "price": "52万", "unit": "6420元/㎡", "origin_url": "https://mas.esf.fang.com//chushou/3_174026283.htm"}
{"province": "安徽", "city": "马鞍山", "name": "东方明珠", "area": "120㎡", "rooms": "3室2厅", "floor": "中层（共6层）", "toward": "南向", "year": "未知", "address": "花山-东方明珠一村", "price": "140万", "unit": "11667元/㎡", "origin_url": "https://mas.esf.fang.com//chushou/3_173150308.htm"}
{"province": "安徽", "city": "马鞍山", "name": "新里西斯莱公馆", "area": "104㎡", "rooms": "3室2厅", "floor": "高层（共33层）", "toward": "南向", "year": "2014年", "address": "花山-霍里街道湖南东路绿地世纪城西200米", "price": "91.5万", "unit": "8798元/㎡", "origin_url": "https://mas.esf.fang.com//chushou/3_173886640.htm"}
{"province": "安徽", "city": "马鞍山", "name": "江南御花园", "area": "99㎡", "rooms": "2室2厅", "floor": "高层（共11层）", "toward": "南北向", "year": "2012年", "address": "雨山-江东大道与九华路口", "price": "71万", "unit": "7172元/㎡", "origin_url": "https://mas.esf.fang.com//chushou/3_174217301.htm"}
{"province": "安徽", "city": "马鞍山", "name": "恒大-御景湾", "area": "86㎡", "rooms": "2室1厅", "floor": "高层（共22层）", "toward": "南向", "year": "2018年", "address": "花山-旅游大道与汇秀路交叉口东南", "price": "85万", "unit": "9884元/㎡", "origin_url": "https://mas.esf.fang.com//chushou/3_174336909.htm"}
{"province": "安徽", "city": "马鞍山", "name": "雨山五村", "area": "66㎡", "rooms": "2室1厅", "floor": "高层（共6层）", "toward": "南向", "year": "1996年", "address": "雨山-育才路", "price": "22万", "unit": "3333元/㎡", "origin_url": "https://mas.esf.fang.com//chushou/3_172847798.htm"}
{"province": "安徽", "city": "马鞍山", "name": "碧桂园如山湖城", "area": "68㎡", "rooms": "1室1厅", "floor": "中层（共11层）", "toward": "南北向", "year": "2014年", "address": "和县-和县-和县-碧桂园如山湖城", "price": "21万", "unit": "3088元/㎡", "origin_url": "https://mas.esf.fang.com//chushou/3_173795318.htm"}
{"province": "安徽", "city": "马鞍山", "name": "天泽水岸", "area": "92㎡", "rooms": "2室2厅", "floor": "低层（共11层）", "toward": "南北向", "year": "2012年", "address": "雨山-湖东南路与九华路交叉口", "price": "106万", "unit": "11522元/㎡", "origin_url": "https://mas.esf.fang.com//chushou/3_174270617.htm"}
{"province": "安徽", "city": "马鞍山", "name": "滨江郡", "area": "88㎡", "rooms": "3室2厅", "floor": "低层（共11层）", "toward": "南北向", "year": "2019年", "address": "雨山-天门大道与采石大道交叉口", "price": "52万", "unit": "5909元/㎡", "origin_url": "https://mas.esf.fang.com//chushou/3_173172536.htm"}
{"province": "安徽", "city": "马鞍山", "name": "上湖家园", "area": "113.46㎡", "rooms": "3室2厅", "floor": "低层（共33层）", "toward": "南北向", "year": "2014年", "address": "花山-旅游大道", "price": "75万", "unit": "6610元/㎡", "origin_url": "https://mas.esf.fang.com//chushou/3_173079029.htm"}
{"province": "安徽", "city": "马鞍山", "name": "御景园", "area": "250㎡", "rooms": "6室4厅", "floor": "高层（共9层）", "toward": "南向", "year": "2013年", "address": "雨山-安工大东校区东侧", "price": "155万", "unit": "6200元/㎡", "origin_url": "https://mas.esf.fang.com//chushou/3_174535052.htm"}
{"province": "安徽", "city": "马鞍山", "name": "濮塘桃里(别墅)", "area": "200㎡", "rooms": "4室1厅", "floor": "高层（共1层）", "toward": "南向", "year": "2014年", "address": "幸福路-花山-幸福路-濮塘桃里(别墅)", "price": "150万", "unit": "7500元/㎡", "origin_url": "https://mas.esf.fang.com//chushou/3_173431443.htm"}
{"province": "安徽", "city": "宿州", "name": "香格里拉", "area": "115㎡", "rooms": "3室2厅", "floor": "低层（共25层）", "toward": "南北向", "year": "未知", "address": "埇桥区", "price": "55万", "unit": "4783元/㎡", "origin_url": "https://ahsuzhou.esf.fang.com//chushou/16_201637.htm"}
{"province": "安徽", "city": "宿州", "name": "广志学校家属院边上", "area": "120㎡", "rooms": "3室2厅", "floor": "低层（共5层）", "toward": "南向", "year": "未知", "address": "萧县", "price": "70万", "unit": "5833元/㎡", "origin_url": "https://ahsuzhou.esf.fang.com//chushou/16_201643.htm"}
{"province": "安徽", "city": "宿州", "name": "陈马路口", "area": "200㎡", "rooms": "3室1厅", "floor": "中层（共2层）", "toward": "东向", "year": "未知", "address": "砀山县", "price": "25万", "unit": "1250元/㎡", "origin_url": "https://ahsuzhou.esf.fang.com//chushou/16_201528.htm"}
{"province": "安徽", "city": "宿州", "name": "顺河路恒丰嘉园小区", "area": "126㎡", "rooms": "3室2厅", "floor": "高层（共7层）", "toward": "南北向", "year": "未知", "address": "埇桥区", "price": "60万", "unit": "4762元/㎡", "origin_url": "https://ahsuzhou.esf.fang.com//chushou/16_201646.htm"}
{"province": "安徽", "city": "宿州", "name": "聚泽园", "area": "107㎡", "rooms": "3室2厅", "floor": "中层（共33层）", "toward": "南北向", "year": "未知", "address": null, "price": "42万", "unit": "3925元/㎡", "origin_url": "https://ahsuzhou.esf.fang.com//chushou/16_201647.htm"}
{"province": "安徽", "city": "宿州", "name": "香格里拉", "area": "89.97㎡", "rooms": "2室2厅", "floor": "低层（共28层）", "toward": "南北向", "year": "未知", "address": "埇桥区", "price": "46万", "unit": "5113元/㎡", "origin_url": "https://ahsuzhou.esf.fang.com//chushou/16_201648.htm"}
{"province": "安徽", "city": "宿州", "name": "香格里拉", "area": "90㎡", "rooms": "2室2厅", "floor": "中层（共22层）", "toward": "南北向", "year": "未知", "address": "埇桥区", "price": "39万", "unit": "4333元/㎡", "origin_url": "https://ahsuzhou.esf.fang.com//chushou/16_201651.htm"}
{"province": "安徽", "city": "宿州", "name": "香格里拉", "area": "89㎡", "rooms": "2室2厅", "floor": "中层（共28层）", "toward": "南向", "year": "未知", "address": "埇桥区", "price": "40万", "unit": "4494元/㎡", "origin_url": "https://ahsuzhou.esf.fang.com//chushou/16_201650.htm"}
{"province": "安徽", "city": "宿州", "name": "香格里拉", "area": "89.97㎡", "rooms": "2室2厅", "floor": "高层（共28层）", "toward": "南北向", "year": "未知", "address": "埇桥区", "price": "45万", "unit": "5002元/㎡", "origin_url": "https://ahsuzhou.esf.fang.com//chushou/16_201652.htm"}
{"province": "安徽", "city": "宿州", "name": "香格里拉 私奔卖房", "area": "90㎡", "rooms": "2室2厅", "floor": "高层（共28层）", "toward": "南北向", "year": "未知", "address": "埇桥区", "price": "45万", "unit": "5000元/㎡", "origin_url": "https://ahsuzhou.esf.fang.com//chushou/16_201649.htm"}
{"province": "安徽", "city": "宿州", "name": "超低价 出售 香格里拉", "area": "110㎡", "rooms": "3室2厅", "floor": "中层（共28层）", "toward": "南北向", "year": "未知", "address": "埇桥区", "price": "50万", "unit": "4545元/㎡", "origin_url": "https://ahsuzhou.esf.fang.com//chushou/16_201655.htm"}
{"province": "安徽", "city": "宿州", "name": "万达华城", "area": "120㎡", "rooms": "4室2厅", "floor": "高层（共34层）", "toward": "南北向", "year": "未知", "address": "埇桥区", "price": "90万", "unit": "7500元/㎡", "origin_url": "https://ahsuzhou.esf.fang.com//chushou/16_201658.htm"}
{"province": "安徽", "city": "宿州", "name": "汴河国际", "area": "120㎡", "rooms": "3室2厅", "floor": "高层（共18层）", "toward": "南北向", "year": "未知", "address": "泗县", "price": "55万", "unit": "4583元/㎡", "origin_url": "https://ahsuzhou.esf.fang.com//chushou/16_201662.htm"}
{"province": "安徽", "city": "宿州", "name": "瑞泰城市广场", "area": "95.91㎡", "rooms": "2室2厅", "floor": "高层（共33层）", "toward": "南北向", "year": "未知", "address": "萧县", "price": "60万", "unit": "6256元/㎡", "origin_url": "https://ahsuzhou.esf.fang.com//chushou/16_201661.htm"}
{"province": "安徽", "city": "黄山", "name": "纳尼亚小镇", "area": "39.2㎡", "rooms": "1室1厅", "floor": "高层（共10层）", "toward": "北向", "year": "未知", "address": "徽州区-永佳大道889号", "price": "28万", "unit": "7143元/㎡", "origin_url": "https://huangshan.esf.fang.com//chushou/16_201933.htm"}
{"province": "安徽", "city": "黄山", "name": "世纪花园", "area": "140㎡", "rooms": "3室2厅", "floor": "高层（共7层）", "toward": "南北向", "year": "未知", "address": "屯溪区", "price": "180万", "unit": "12857元/㎡", "origin_url": "https://huangshan.esf.fang.com//chushou/16_201976.htm"}
{"province": "安徽", "city": "黄山", "name": "新安北路", "area": "96㎡", "rooms": "3室2厅", "floor": "中层（共6层）", "toward": "南向", "year": "未知", "address": "屯溪区", "price": "85万", "unit": "8854元/㎡", "origin_url": "https://huangshan.esf.fang.com//chushou/16_201977.htm"}
{"province": "安徽", "city": "黄山", "name": "东方丽景", "area": "90㎡", "rooms": "2室2厅", "floor": "高层（共6层）", "toward": "南向", "year": "未知", "address": "屯溪区", "price": "108万", "unit": "12000元/㎡", "origin_url": "https://huangshan.esf.fang.com//chushou/16_201978.htm"}
{"province": "安徽", "city": "黄山", "name": "天都华庭", "area": "120㎡", "rooms": "3室2厅", "floor": "低层（共6层）", "toward": "南向", "year": "未知", "address": "屯溪区", "price": "126万", "unit": "10500元/㎡", "origin_url": "https://huangshan.esf.fang.com//chushou/16_201979.htm"}
{"province": "安徽", "city": "黄山", "name": "阜安新村", "area": "84㎡", "rooms": "3室2厅", "floor": "高层（共6层）", "toward": "南北向", "year": "未知", "address": "屯溪区", "price": "78万", "unit": "9286元/㎡", "origin_url": "https://huangshan.esf.fang.com//chushou/16_201980.htm"}
{"province": "安徽", "city": "黄山", "name": "阜安新村", "area": "84㎡", "rooms": "3室2厅", "floor": "高层（共7层）", "toward": "南北向", "year": "未知", "address": "屯溪区", "price": "78万", "unit": "9286元/㎡", "origin_url": "https://huangshan.esf.fang.com//chushou/16_201981.htm"}
{"province": "安徽", "city": "黄山", "name": "梅林国际", "area": "99㎡", "rooms": "2室2厅", "floor": "中层（共6层）", "toward": "南北向", "year": "未知", "address": "屯溪区", "price": "75万", "unit": "7576元/㎡", "origin_url": "https://huangshan.esf.fang.com//chushou/16_201984.htm"}
{"province": "安徽", "city": "黄山", "name": "黄山市屯溪区永佳福邸房出售", "area": "58㎡", "rooms": "1室1厅", "floor": "中层（共10层）", "toward": "南向", "year": "未知", "address": "屯溪区", "price": "58万", "unit": "10000元/㎡", "origin_url": "https://huangshan.esf.fang.com//chushou/16_201986.htm"}
{"province": "安徽", "city": "黄山", "name": "碧桂园", "area": "130㎡", "rooms": "3室2厅", "floor": "低层（共11层）", "toward": "南北向", "year": "未知", "address": "屯溪区", "price": "100万", "unit": "7692元/㎡", "origin_url": "https://huangshan.esf.fang.com//chushou/16_201987.htm"}
{"province": "安徽", "city": "黄山", "name": "龙翔御景", "area": "94.62㎡", "rooms": "2室2厅", "floor": "高层（共18层）", "toward": "东向", "year": "未知", "address": "屯溪区", "price": "123万", "unit": "12999元/㎡", "origin_url": "https://huangshan.esf.fang.com//chushou/16_201982.htm"}
{"province": "安徽", "city": "黄山", "name": "黄山花园", "area": "82㎡", "rooms": "3室2厅", "floor": "中层（共5层）", "toward": "南北向", "year": "未知", "address": "屯溪区", "price": "82万", "unit": "10000元/㎡", "origin_url": "https://huangshan.esf.fang.com//chushou/16_201988.htm"}
{"province": "安徽", "city": "黄山", "name": "北大门", "area": "326㎡", "rooms": "5室2厅", "floor": "低层（共4层）", "toward": "南北向", "year": "未知", "address": null, "price": "72万", "unit": "2209元/㎡", "origin_url": "https://huangshan.esf.fang.com//chushou/16_201992.htm"}
{"province": "安徽", "city": "黄山", "name": "商贸城", "area": "71㎡", "rooms": "3室1厅", "floor": "中层（共6层）", "toward": "南向", "year": "未知", "address": "屯溪区", "price": "71万", "unit": "10000元/㎡", "origin_url": "https://huangshan.esf.fang.com//chushou/16_201993.htm"}
{"province": "安徽", "city": "马鞍山", "name": "碧桂园如山湖城(公寓住宅)", "area": "80㎡", "rooms": "1室2厅", "floor": "中层（共11层）", "toward": "南北向", "year": "2017年", "address": "石杨镇-和县-石杨镇-碧桂园如山湖城(公寓住宅)", "price": "20万", "unit": "2500元/㎡", "origin_url": "https://mas.esf.fang.com//chushou/3_174254005.htm"}
{"province": "安徽", "city": "马鞍山", "name": "伟星蓝山雅筑南区", "area": "133㎡", "rooms": "4室2厅", "floor": "高层（共28层）", "toward": "南北向", "year": "2014年", "address": "雨山-霍里山大道", "price": "97.1万", "unit": "7301元/㎡", "origin_url": "https://mas.esf.fang.com//chushou/3_174478944.htm"}
{"province": "安徽", "city": "马鞍山", "name": "绿地臻城一期", "area": "120.46㎡", "rooms": "3室2厅", "floor": "低层（共24层）", "toward": "南向", "year": "2014年", "address": "花山-金溪路771号西南方向190米", "price": "102万", "unit": "8468元/㎡", "origin_url": "https://mas.esf.fang.com//chushou/3_174486489.htm"}
{"province": "安徽", "city": "马鞍山", "name": "东方丽景", "area": "105㎡", "rooms": "3室2厅", "floor": "高层（共16层）", "toward": "南北向", "year": "2015年", "address": "雨山-雨山东路与花园路交叉口西南角", "price": "88万", "unit": "8381元/㎡", "origin_url": "https://mas.esf.fang.com//chushou/3_173264001.htm"}
{"province": "安徽", "city": "马鞍山", "name": "国际华城一村", "area": "124㎡", "rooms": "3室2厅", "floor": "低层（共6层）", "toward": "南向", "year": "未知", "address": "花山-湖南东路与江东大道交汇处", "price": "106万", "unit": "8548元/㎡", "origin_url": "https://mas.esf.fang.com//chushou/3_174223105.htm"}
{"province": "安徽", "city": "马鞍山", "name": "明发江湾新城", "area": "103㎡", "rooms": "3室2厅", "floor": "高层（共18层）", "toward": "南北向", "year": "2018年", "address": "和县-宁乌公路与盘乌线交汇处", "price": "65万", "unit": "6311元/㎡", "origin_url": "https://mas.esf.fang.com//chushou/3_174253764.htm"}
{"province": "安徽", "city": "马鞍山", "name": "春晖家园西区", "area": "105㎡", "rooms": "2室1厅", "floor": "低层（共6层）", "toward": "南向", "year": "2012年", "address": "雨山-江东大道、印山路口东北角", "price": "97万", "unit": "9238元/㎡", "origin_url": "https://mas.esf.fang.com//chushou/3_173747733.htm"}
{"province": "安徽", "city": "马鞍山", "name": "东苑小区一村", "area": "69㎡", "rooms": "2室1厅", "floor": "高层（共7层）", "toward": "南向", "year": "2014年", "address": "花山-江东大道北段", "price": "30.5万", "unit": "4420元/㎡", "origin_url": "https://mas.esf.fang.com//chushou/3_173053634.htm"}
{"province": "安徽", "city": "马鞍山", "name": "江南御花园", "area": "93.97㎡", "rooms": "2室2厅", "floor": "中层（共5层）", "toward": "南向", "year": "2014年", "address": "雨山-江东大道与九华路口", "price": "76万", "unit": "8088元/㎡", "origin_url": "https://mas.esf.fang.com//chushou/3_173519745.htm"}
{"province": "安徽", "city": "马鞍山", "name": "上湖家园", "area": "70㎡", "rooms": "2室1厅", "floor": "高层（共18层）", "toward": "南北向", "year": "2018年", "address": "花山-旅游大道", "price": "36万", "unit": "5143元/㎡", "origin_url": "https://mas.esf.fang.com//chushou/3_173431010.htm"}
{"province": "安徽", "city": "马鞍山", "name": "西湖花园", "area": "130㎡", "rooms": "3室2厅", "floor": "低层（共6层）", "toward": "南北向", "year": "2009年", "address": "花山-马濮路与江东大道东北", "price": "118万", "unit": "9077元/㎡", "origin_url": "https://mas.esf.fang.com//chushou/3_173430951.htm"}
{"province": "安徽", "city": "马鞍山", "name": "东湖瑞景", "area": "98㎡", "rooms": "2室2厅", "floor": "高层（共30层）", "toward": "南向", "year": "2015年", "address": "雨山-江东大道与九华路交叉口,紧邻东湖公园", "price": "99万", "unit": "10102元/㎡", "origin_url": "https://mas.esf.fang.com//chushou/3_173850164.htm"}
{"province": "安徽", "city": "马鞍山", "name": "秀山信达城.", "area": "100.5㎡", "rooms": "3室2厅", "floor": "中层（共24层）", "toward": "南向", "year": "2015年", "address": "花山-旅游大道与霍里山大道交汇处西南侧", "price": "78万", "unit": "7761元/㎡", "origin_url": "https://mas.esf.fang.com//chushou/3_173299368.htm"}
{"province": "安徽", "city": "宿州", "name": "阳光花园", "area": "100.7㎡", "rooms": "2室2厅", "floor": "高层（共6层）", "toward": "南向", "year": "未知", "address": "砀山县", "price": "30万", "unit": "2979元/㎡", "origin_url": "https://ahsuzhou.esf.fang.com//chushou/16_201663.htm"}
{"province": "安徽", "city": "宿州", "name": "城南一中千亩园安置小区", "area": "96㎡", "rooms": "2室2厅", "floor": "高层（共6层）", "toward": "南向", "year": "未知", "address": "埇桥区", "price": "29万", "unit": "3021元/㎡", "origin_url": "https://ahsuzhou.esf.fang.com//chushou/16_201665.htm"}
{"province": "安徽", "city": "宿州", "name": "宿州西关72家属院", "area": "68.5㎡", "rooms": "2室1厅", "floor": "低层（共6层）", "toward": "东西向", "year": "未知", "address": "埇桥区", "price": "31万", "unit": "4526元/㎡", "origin_url": "https://ahsuzhou.esf.fang.com//chushou/16_201667.htm"}
{"province": "安徽", "city": "宿州", "name": "浍水小区", "area": "95㎡", "rooms": "3室1厅", "floor": "高层（共5层）", "toward": "南北向", "year": "未知", "address": "埇桥区", "price": "35万", "unit": "3684元/㎡", "origin_url": "https://ahsuzhou.esf.fang.com//chushou/16_201668.htm"}
{"province": "安徽", "city": "宿州", "name": "南方国际花园", "area": "96㎡", "rooms": "2室1厅", "floor": "中层（共6层）", "toward": "南北向", "year": "未知", "address": "埇桥区", "price": "58万", "unit": "6042元/㎡", "origin_url": "https://ahsuzhou.esf.fang.com//chushou/16_201671.htm"}
{"province": "安徽", "city": "宿州", "name": "君悦学府小区", "area": "106㎡", "rooms": "3室2厅", "floor": "中层（共18层）", "toward": "南北向", "year": "未知", "address": "埇桥区", "price": "56万", "unit": "5283元/㎡", "origin_url": "https://ahsuzhou.esf.fang.com//chushou/16_201672.htm"}
{"province": "安徽", "city": "宿州", "name": "凯旋门", "area": "95.76㎡", "rooms": "3室2厅", "floor": "中层（共33层）", "toward": "南北向", "year": "未知", "address": "埇桥区", "price": "53万", "unit": "5535元/㎡", "origin_url": "https://ahsuzhou.esf.fang.com//chushou/16_201673.htm"}
{"province": "安徽", "city": "宿州", "name": "金色家园", "area": "93㎡", "rooms": "2室1厅", "floor": "高层（共26层）", "toward": "南北向", "year": "未知", "address": "埇桥区", "price": "48万", "unit": "5161元/㎡", "origin_url": "https://ahsuzhou.esf.fang.com//chushou/16_201674.htm"}
{"province": "安徽", "city": "宿州", "name": "宿州(人民路) 恒大御景湾 内部更名 免税", "area": "109.3㎡", "rooms": "3室2厅", "floor": "中层（共32层）", "toward": "南北向", "year": "未知", "address": "埇桥区", "price": "88万", "unit": "8051元/㎡", "origin_url": "https://ahsuzhou.esf.fang.com//chushou/16_201675.htm"}
{"province": "安徽", "city": "宿州", "name": "欧景名城", "area": "104㎡", "rooms": "5室2厅", "floor": "高层（共5层）", "toward": "南北向", "year": "未知", "address": "埇桥区", "price": "88万", "unit": "8462元/㎡", "origin_url": "https://ahsuzhou.esf.fang.com//chushou/16_201676.htm"}
{"province": "安徽", "city": "宿州", "name": "光华园", "area": "120㎡", "rooms": "3室2厅", "floor": "高层（共6层）", "toward": "南北向", "year": "未知", "address": "埇桥区", "price": "72万", "unit": "6000元/㎡", "origin_url": "https://ahsuzhou.esf.fang.com//chushou/16_201677.htm"}
{"province": "安徽", "city": "宿州", "name": "名仕官邸", "area": "101㎡", "rooms": "3室2厅", "floor": "高层（共7层）", "toward": "南北向", "year": "未知", "address": "灵璧县", "price": "58万", "unit": "5743元/㎡", "origin_url": "https://ahsuzhou.esf.fang.com//chushou/16_201678.htm"}
{"province": "安徽", "city": "宿州", "name": "青年公社", "area": "29.22㎡", "rooms": "1室1厅", "floor": "低层（共11层）", "toward": "南向", "year": "未知", "address": "埇桥区", "price": "12万", "unit": "4107元/㎡", "origin_url": "https://ahsuzhou.esf.fang.com//chushou/16_201679.htm"}
{"province": "安徽", "city": "宿州", "name": "香格里拉", "area": "87.35㎡", "rooms": "2室2厅", "floor": "中层（共21层）", "toward": "南北向", "year": "未知", "address": "埇桥区", "price": "43万", "unit": "4923元/㎡", "origin_url": "https://ahsuzhou.esf.fang.com//chushou/16_201670.htm"}
{"province": "安徽", "city": "黄山", "name": "屯溪区新园东路", "area": "190.8㎡", "rooms": "4室3厅", "floor": "高层（共7层）", "toward": "南向", "year": "未知", "address": "屯溪区", "price": "150万", "unit": "7862元/㎡", "origin_url": "https://huangshan.esf.fang.com//chushou/16_201994.htm"}
{"province": "安徽", "city": "黄山", "name": "屯溪江南新城", "area": "48.6㎡", "rooms": "1室0厅", "floor": "低层（共6层）", "toward": "南北向", "year": "未知", "address": "屯溪区", "price": "90万", "unit": "18519元/㎡", "origin_url": "https://huangshan.esf.fang.com//chushou/16_201985.htm"}
{"province": "安徽", "city": "黄山", "name": "市中心", "area": "284㎡", "rooms": "7室2厅", "floor": "低层（共3层）", "toward": "南北向", "year": "未知", "address": "屯溪区", "price": "380万", "unit": "13380元/㎡", "origin_url": "https://huangshan.esf.fang.com//chushou/16_202000.htm"}
{"province": "安徽", "city": "黄山", "name": "桃花源", "area": "296㎡", "rooms": "4室2厅", "floor": "低层（共3层）", "toward": "南北向", "year": "未知", "address": "屯溪区", "price": "340万", "unit": "11486元/㎡", "origin_url": "https://huangshan.esf.fang.com//chushou/16_201999.htm"}
{"province": "安徽", "city": "黄山", "name": "纳尼亚小镇", "area": "35㎡", "rooms": "1室1厅", "floor": "中层（共9层）", "toward": "南向", "year": "未知", "address": "徽州区-永佳大道889号", "price": "32万", "unit": "9143元/㎡", "origin_url": "https://huangshan.esf.fang.com//chushou/16_201998.htm"}
{"province": "安徽", "city": "黄山", "name": "纳尼亚小镇", "area": "51㎡", "rooms": "1室1厅", "floor": "高层（共9层）", "toward": "南向", "year": "未知", "address": "徽州区-永佳大道889号", "price": "46万", "unit": "9020元/㎡", "origin_url": "https://huangshan.esf.fang.com//chushou/16_201997.htm"}
{"province": "安徽", "city": "黄山", "name": "纳尼亚小镇", "area": "54㎡", "rooms": "1室1厅", "floor": "低层（共9层）", "toward": "南向", "year": "未知", "address": "徽州区-永佳大道889号", "price": "49万", "unit": "9074元/㎡", "origin_url": "https://huangshan.esf.fang.com//chushou/16_201996.htm"}
{"province": "安徽", "city": "黄山", "name": "商贸城", "area": "121㎡", "rooms": "4室2厅", "floor": "中层（共6层）", "toward": "南北向", "year": "未知", "address": "屯溪区", "price": "125万", "unit": "10331元/㎡", "origin_url": "https://huangshan.esf.fang.com//chushou/16_201995.htm"}
{"province": "安徽", "city": "马鞍山", "name": "碧桂园滨江世家", "area": "96㎡", "rooms": "3室2厅", "floor": "低层（共5层）", "toward": "南向", "year": "2019年", "address": "当涂-当涂县东营北路西50米", "price": "59万", "unit": "6146元/㎡", "origin_url": "https://mas.esf.fang.com//chushou/3_173854973.htm"}
{"province": "安徽", "city": "马鞍山", "name": "江东小区", "area": "98㎡", "rooms": "3室2厅", "floor": "高层（共6层）", "toward": "南向", "year": "2008年", "address": "雨山-花山路与雨山路交叉口西北角", "price": "71万", "unit": "7245元/㎡", "origin_url": "https://mas.esf.fang.com//chushou/3_174534013.htm"}
{"province": "安徽", "city": "马鞍山", "name": "东方明珠六村", "area": "89.86㎡", "rooms": "2室2厅", "floor": "低层（共18层）", "toward": "南向", "year": "2014年", "address": "花山-明珠路", "price": "94.8万", "unit": "10550元/㎡", "origin_url": "https://mas.esf.fang.com//chushou/3_173671948.htm"}
{"province": "安徽", "city": "马鞍山", "name": "新城璟玥", "area": "99㎡", "rooms": "1室1厅", "floor": "低层（共5层）", "toward": "南向", "year": "2019年", "address": "雨山-湖东南路与采石河路交汇处", "price": "80万", "unit": "8081元/㎡", "origin_url": "https://mas.esf.fang.com//chushou/3_173318089.htm"}
{"province": "安徽", "city": "马鞍山", "name": "绿地世纪城", "area": "86.37㎡", "rooms": "2室2厅", "floor": "中层（共33层）", "toward": "南北向", "year": "2015年", "address": "花山-湖南东路与霍里山大道交叉口西北", "price": "70万", "unit": "8105元/㎡", "origin_url": "https://mas.esf.fang.com//chushou/3_173290971.htm"}
{"province": "安徽", "city": "马鞍山", "name": "宁泽文萃苑", "area": "99㎡", "rooms": "2室2厅", "floor": "高层（共11层）", "toward": "南北向", "year": "2019年", "address": "其他-慈湖河与雨山路交汇处", "price": "85万", "unit": "8586元/㎡", "origin_url": "https://mas.esf.fang.com//chushou/3_173651925.htm"}
{"province": "安徽", "city": "马鞍山", "name": "朝辉东方城二区", "area": "90㎡", "rooms": "2室2厅", "floor": "高层（共33层）", "toward": "南向", "year": "2014年", "address": "花山-花山区霍里街道慈湖河路", "price": "77万", "unit": "8556元/㎡", "origin_url": "https://mas.esf.fang.com//chushou/3_173434130.htm"}
{"province": "安徽", "city": "马鞍山", "name": "华府天地", "area": "149㎡", "rooms": "4室2厅", "floor": "中层（共55层）", "toward": "南向", "year": "2016年", "address": "幸福路-花山-幸福路-华府天地", "price": "135万", "unit": "9060元/㎡", "origin_url": "https://mas.esf.fang.com//chushou/3_174189527.htm"}
{"province": "安徽", "city": "马鞍山", "name": "恒大-御景湾", "area": "112.65㎡", "rooms": "3室2厅", "floor": "中层（共17层）", "toward": "南向", "year": "未知", "address": "花山-旅游大道与汇秀路交叉口东南", "price": "100万", "unit": "8877元/㎡", "origin_url": "https://mas.esf.fang.com//chushou/3_173906669.htm"}
{"province": "安徽", "city": "宿州", "name": "瑞祥小区", "area": "124㎡", "rooms": "3室1厅", "floor": "中层（共11层）", "toward": "南北向", "year": "未知", "address": "萧县", "price": "60万", "unit": "4839元/㎡", "origin_url": "https://ahsuzhou.esf.fang.com//chushou/16_201681.htm"}
{"province": "安徽", "city": "宿州", "name": "中央广场", "area": "60.82㎡", "rooms": "1室1厅", "floor": "高层（共17层）", "toward": "南北向", "year": "未知", "address": "埇桥区", "price": "46万", "unit": "7563元/㎡", "origin_url": "https://ahsuzhou.esf.fang.com//chushou/16_201687.htm"}
{"province": "安徽", "city": "宿州", "name": "南方欧景名城", "area": "125㎡", "rooms": "3室2厅", "floor": "中层（共18层）", "toward": "东向", "year": "未知", "address": "埇桥区", "price": "71万", "unit": "5680元/㎡", "origin_url": "https://ahsuzhou.esf.fang.com//chushou/16_201689.htm"}
{"province": "安徽", "city": "宿州", "name": "泗县国际装饰城", "area": "140㎡", "rooms": "4室2厅", "floor": "中层（共2层）", "toward": "南北向", "year": "未知", "address": "泗县", "price": "75万", "unit": "5357元/㎡", "origin_url": "https://ahsuzhou.esf.fang.com//chushou/16_201691.htm"}
{"province": "安徽", "city": "宿州", "name": "出租中二楼商铺(东方不夜", "area": "63㎡", "rooms": "1室0厅", "floor": "高层（共2层）", "toward": "东西向", "year": "未知", "address": "砀山县", "price": "58万", "unit": "9206元/㎡", "origin_url": "https://ahsuzhou.esf.fang.com//chushou/16_201641.htm"}
{"province": "安徽", "city": "宿州", "name": "凤凰国际城", "area": "147.5㎡", "rooms": "4室2厅", "floor": "高层（共6层）", "toward": "南北向", "year": "未知", "address": "泗县", "price": "65万", "unit": "4407元/㎡", "origin_url": "https://ahsuzhou.esf.fang.com//chushou/16_201695.htm"}
{"province": "安徽", "city": "宿州", "name": "帝景首府", "area": "97㎡", "rooms": "3室1厅", "floor": "高层（共11层）", "toward": "南北向", "year": "未知", "address": "砀山县", "price": "52万", "unit": "5361元/㎡", "origin_url": "https://ahsuzhou.esf.fang.com//chushou/16_201696.htm"}
{"province": "安徽", "city": "宿州", "name": "凤凰国际城", "area": "147㎡", "rooms": "4室2厅", "floor": "高层（共5层）", "toward": "南北向", "year": "未知", "address": "泗县", "price": "68万", "unit": "4626元/㎡", "origin_url": "https://ahsuzhou.esf.fang.com//chushou/16_201507.htm"}
{"province": "安徽", "city": "宿州", "name": "萧县黄口镇", "area": "200㎡", "rooms": "5室2厅", "floor": "低层（共3层）", "toward": "南北向", "year": "未知", "address": "萧县", "price": "38万", "unit": "1900元/㎡", "origin_url": "https://ahsuzhou.esf.fang.com//chushou/16_201703.htm"}
{"province": "安徽", "city": "宿州", "name": "华夏世贸", "area": "104㎡", "rooms": "2室1厅", "floor": "中层（共25层）", "toward": "东北向", "year": "未知", "address": "埇桥区", "price": "63万", "unit": "6058元/㎡", "origin_url": "https://ahsuzhou.esf.fang.com//chushou/16_201568.htm"}
{"province": "安徽", "city": "宿州", "name": "中煤72处西关小区", "area": "68㎡", "rooms": "2室1厅", "floor": "中层（共6层）", "toward": "南北向", "year": "未知", "address": "埇桥区", "price": "40万", "unit": "5882元/㎡", "origin_url": "https://ahsuzhou.esf.fang.com//chushou/16_201700.htm"}
{"province": "安徽", "city": "宿州", "name": "宿州中华园", "area": "107.25㎡", "rooms": "2室2厅", "floor": "高层（共28层）", "toward": "南北向", "year": "未知", "address": "埇桥区", "price": "67万", "unit": "6247元/㎡", "origin_url": "https://ahsuzhou.esf.fang.com//chushou/16_201705.htm"}
{"province": "安徽", "city": "宿州", "name": "宿州上河城", "area": "89㎡", "rooms": "2室2厅", "floor": "中层（共6层）", "toward": "南北向", "year": "未知", "address": "埇桥区", "price": "90万", "unit": "10112元/㎡", "origin_url": "https://ahsuzhou.esf.fang.com//chushou/16_201518.htm"}
{"province": "安徽", "city": "宿州", "name": "安厦时代广场", "area": "98㎡", "rooms": "2室2厅", "floor": "高层（共35层）", "toward": "南向", "year": "未知", "address": "埇桥区", "price": "72万", "unit": "7347元/㎡", "origin_url": "https://ahsuzhou.esf.fang.com//chushou/16_201709.htm"}
{"province": "安徽", "city": "宿州", "name": "香格里拉", "area": "110㎡", "rooms": "3室2厅", "floor": "中层（共25层）", "toward": "南北向", "year": "未知", "address": "埇桥区", "price": "55万", "unit": "5000元/㎡", "origin_url": "https://ahsuzhou.esf.fang.com//chushou/16_201659.htm"}
{"province": "安徽", "city": "宿州", "name": "香格里拉", "area": "90㎡", "rooms": "2室2厅", "floor": "中层（共28层）", "toward": "南北向", "year": "未知", "address": "埇桥区", "price": "40万", "unit": "4444元/㎡", "origin_url": "https://ahsuzhou.esf.fang.com//chushou/16_201563.htm"}
{"province": "安徽", "city": "宿州", "name": "南方国际花园??香格里拉", "area": "90㎡", "rooms": "2室2厅", "floor": "中层（共28层）", "toward": "南北向", "year": "未知", "address": "埇桥区", "price": "42万", "unit": "4667元/㎡", "origin_url": "https://ahsuzhou.esf.fang.com//chushou/16_201561.htm"}
{"province": "安徽", "city": "宿州", "name": "香格里拉", "area": "110㎡", "rooms": "3室2厅", "floor": "高层（共18层）", "toward": "南北向", "year": "未知", "address": "埇桥区", "price": "55万", "unit": "5000元/㎡", "origin_url": "https://ahsuzhou.esf.fang.com//chushou/16_201555.htm"}
{"province": "安徽", "city": "宿州", "name": "明丽家园", "area": "200㎡", "rooms": "6室3厅", "floor": "高层（共6层）", "toward": "南北向", "year": "未知", "address": "埇桥区", "price": "85万", "unit": "4250元/㎡", "origin_url": "https://ahsuzhou.esf.fang.com//chushou/16_201713.htm"}
{"province": "安徽", "city": "宿州", "name": "环宇银河绿苑", "area": "135.08㎡", "rooms": "3室2厅", "floor": "中层（共6层）", "toward": "南北向", "year": "未知", "address": "埇桥区", "price": "110万", "unit": "8143元/㎡", "origin_url": "https://ahsuzhou.esf.fang.com//chushou/16_201706.htm"}
{"province": "安徽", "city": "宿州", "name": "龙汇学源居", "area": "95㎡", "rooms": "3室1厅", "floor": "中层（共25层）", "toward": "南向", "year": "未知", "address": "埇桥区", "price": "73万", "unit": "7684元/㎡", "origin_url": "https://ahsuzhou.esf.fang.com//chushou/16_201711.htm"}
{"province": "安徽", "city": "宿州", "name": "龙汇学源居", "area": "95㎡", "rooms": "3室1厅", "floor": "中层（共25层）", "toward": "南向", "year": "未知", "address": "埇桥区", "price": "69万", "unit": "7263元/㎡", "origin_url": "https://ahsuzhou.esf.fang.com//chushou/16_201710.htm"}
{"province": "安徽", "city": "宿州", "name": "宿州迎宾小区", "area": "126.7㎡", "rooms": "3室2厅", "floor": "高层（共30层）", "toward": "南北向", "year": "未知", "address": "埇桥区", "price": "52万", "unit": "4104元/㎡", "origin_url": "https://ahsuzhou.esf.fang.com//chushou/16_201716.htm"}
{"province": "安徽", "city": "宿州", "name": "龙汇学源居", "area": "74㎡", "rooms": "2室2厅", "floor": "中层（共33层）", "toward": "南向", "year": "未知", "address": "埇桥区", "price": "52万", "unit": "7027元/㎡", "origin_url": "https://ahsuzhou.esf.fang.com//chushou/16_201539.htm"}
{"province": "安徽", "city": "宿州", "name": "蓝石春天花园东区", "area": "103㎡", "rooms": "3室2厅", "floor": "中层（共5层）", "toward": "南北向", "year": "未知", "address": "埇桥区", "price": "69万", "unit": "6699元/㎡", "origin_url": "https://ahsuzhou.esf.fang.com//chushou/16_201721.htm"}
{"province": "安徽", "city": "宿州", "name": "尚街国际新天地", "area": "91.7㎡", "rooms": "2室2厅", "floor": "高层（共18层）", "toward": "南向", "year": "未知", "address": "埇桥区", "price": "68万", "unit": "7415元/㎡", "origin_url": "https://ahsuzhou.esf.fang.com//chushou/16_201722.htm"}
{"province": "安徽", "city": "宿州", "name": "柏星.碧水星城", "area": "106㎡", "rooms": "3室2厅", "floor": "高层（共6层）", "toward": "南北向", "year": "未知", "address": "萧县", "price": "68万", "unit": "6415元/㎡", "origin_url": "https://ahsuzhou.esf.fang.com//chushou/16_201724.htm"}
{"province": "安徽", "city": "宿州", "name": "东昌小区", "area": "131㎡", "rooms": "3室2厅", "floor": "中层（共4层）", "toward": "南向", "year": "未知", "address": "埇桥区", "price": "85万", "unit": "6489元/㎡", "origin_url": "https://ahsuzhou.esf.fang.com//chushou/16_201726.htm"}
{"province": "安徽", "city": "宿州", "name": "香格里拉", "area": "112㎡", "rooms": "3室2厅", "floor": "中层（共25层）", "toward": "南北向", "year": "未知", "address": "埇桥区", "price": "58万", "unit": "5179元/㎡", "origin_url": "https://ahsuzhou.esf.fang.com//chushou/16_201727.htm"}
{"province": "安徽", "city": "宿州", "name": "东城美郡", "area": "16.8㎡", "rooms": "1室1厅", "floor": "低层（共6层）", "toward": "北向", "year": "未知", "address": null, "price": "6万", "unit": "3571元/㎡", "origin_url": "https://ahsuzhou.esf.fang.com//chushou/16_201728.htm"}
{"province": "安徽", "city": "池州", "name": "湖光苑", "area": "112.7㎡", "rooms": "3室2厅", "floor": "高层（共6层）", "toward": "南向", "year": "未知", "address": "主城区-齐山大道与南外环交汇处", "price": "72万", "unit": "6389元/㎡", "origin_url": "https://chizhou.esf.fang.com//house/i32//chushou/16_201515.htm"}
{"province": "安徽", "city": "池州", "name": "和泰·星城国际", "area": "37.99㎡", "rooms": "1室2厅", "floor": "中层（共2层）", "toward": "南北向", "year": "未知", "address": "主城区-东湖路与清风路交叉口西北角", "price": "30万", "unit": "7897元/㎡", "origin_url": "https://chizhou.esf.fang.com//house/i32//chushou/16_201517.htm"}
{"province": "安徽", "city": "池州", "name": "铜冠三江明珠", "area": "89㎡", "rooms": "3室2厅", "floor": "高层（共6层）", "toward": "东南向", "year": "未知", "address": "主城区-昭明大道与白洋河路交叉口西南侧", "price": "86万", "unit": "9663元/㎡", "origin_url": "https://chizhou.esf.fang.com//house/i32//chushou/16_201518.htm"}
{"province": "安徽", "city": "池州", "name": "兴济小区", "area": "82㎡", "rooms": "3室1厅", "floor": "低层（共6层）", "toward": "南北向", "year": "未知", "address": "主城区-秋浦中路与东湖中路交叉口", "price": "82万", "unit": "10000元/㎡", "origin_url": "https://chizhou.esf.fang.com//house/i32//chushou/16_201521.htm"}
{"province": "安徽", "city": "池州", "name": "徽商江南世家", "area": "171㎡", "rooms": "4室4厅", "floor": "低层（共6层）", "toward": "东南向", "year": "未知", "address": "站前区-陵阳大道与万罗山路交汇处东南角", "price": "98万", "unit": "5731元/㎡", "origin_url": "https://chizhou.esf.fang.com//house/i32//chushou/16_201522.htm"}
{"province": "安徽", "city": "池州", "name": "昭明学院", "area": "101㎡", "rooms": "3室2厅", "floor": "高层（共6层）", "toward": "南向", "year": "未知", "address": "主城区", "price": "73万", "unit": "7228元/㎡", "origin_url": "https://chizhou.esf.fang.com//house/i32//chushou/16_201524.htm"}
{"province": "安徽", "city": "池州", "name": "兴济小区", "area": "82㎡", "rooms": "3室1厅", "floor": "低层（共6层）", "toward": "南北向", "year": "未知", "address": "主城区-秋浦中路与东湖中路交叉口", "price": "71万", "unit": "8659元/㎡", "origin_url": "https://chizhou.esf.fang.com//house/i32//chushou/16_201525.htm"}
{"province": "安徽", "city": "池州", "name": "绿洲桂花城", "area": "110.9㎡", "rooms": "3室1厅", "floor": "低层（共15层）", "toward": "南向", "year": "未知", "address": "站前区-池州市站前区长江南路百汇广场对面", "price": "96万", "unit": "8656元/㎡", "origin_url": "https://chizhou.esf.fang.com//house/i32//chushou/16_201528.htm"}
{"province": "安徽", "city": "池州", "name": "翠微苑", "area": "98㎡", "rooms": "3室2厅", "floor": "低层（共5层）", "toward": "南向", "year": "未知", "address": "主城区", "price": "78万", "unit": "7959元/㎡", "origin_url": "https://chizhou.esf.fang.com//house/i32//chushou/16_201529.htm"}
{"province": "安徽", "city": "池州", "name": "仁盛小区对面门面", "area": "41㎡", "rooms": "1室1厅", "floor": "高层（共1层）", "toward": "南北向", "year": "未知", "address": "主城区", "price": "68万", "unit": "16585元/㎡", "origin_url": "https://chizhou.esf.fang.com//house/i32//chushou/16_201530.htm"}
{"province": "安徽", "city": "池州", "name": "恒泰家和园", "area": "95㎡", "rooms": "1室1厅", "floor": "高层（共1层）", "toward": "南北向", "year": "未知", "address": "主城区", "price": "200万", "unit": "21053元/㎡", "origin_url": "https://chizhou.esf.fang.com//house/i32//chushou/16_201449.htm"}
{"province": "安徽", "city": "池州", "name": "江之南苑", "area": "150㎡", "rooms": "4室2厅", "floor": "低层（共18层）", "toward": "南向", "year": "未知", "address": "主城区", "price": "135万", "unit": "9000元/㎡", "origin_url": "https://chizhou.esf.fang.com//house/i32//chushou/16_201532.htm"}
{"province": "安徽", "city": "池州", "name": "池州碧桂园", "area": "116㎡", "rooms": "3室2厅", "floor": "中层（共5层）", "toward": "南北向", "year": "未知", "address": "主城区", "price": "95万", "unit": "8190元/㎡", "origin_url": "https://chizhou.esf.fang.com//house/i32//chushou/16_201533.htm"}
{"province": "安徽", "city": "池州", "name": "池州碧桂园", "area": "116㎡", "rooms": "3室2厅", "floor": "中层（共5层）", "toward": "南北向", "year": "未知", "address": "主城区", "price": "95万", "unit": "8190元/㎡", "origin_url": "https://chizhou.esf.fang.com//house/i32//chushou/16_201455.htm"}
{"province": "安徽", "city": "池州", "name": "科苑新材", "area": "161㎡", "rooms": "5室3厅", "floor": "高层（共6层）", "toward": "南向", "year": "未知", "address": "主城区", "price": "99万", "unit": "6149元/㎡", "origin_url": "https://chizhou.esf.fang.com//house/i32//chushou/16_201534.htm"}
{"province": "安徽", "city": "池州", "name": "兴济小区", "area": "82㎡", "rooms": "3室1厅", "floor": "低层（共6层）", "toward": "南北向", "year": "未知", "address": "主城区-秋浦中路与东湖中路交叉口", "price": "70万", "unit": "8537元/㎡", "origin_url": "https://chizhou.esf.fang.com//house/i32//chushou/16_201535.htm"}
{"province": "安徽", "city": "池州", "name": "兴济小区", "area": "82㎡", "rooms": "3室1厅", "floor": "低层（共6层）", "toward": "南北向", "year": "未知", "address": "主城区-秋浦中路与东湖中路交叉口", "price": "70万", "unit": "8537元/㎡", "origin_url": "https://chizhou.esf.fang.com//house/i32//chushou/16_201536.htm"}
{"province": "安徽", "city": "池州", "name": "亿达湖滨花园", "area": "2㎡", "rooms": "3室2厅", "floor": "中层（共6层）", "toward": "南北向", "year": "未知", "address": "蓉城镇", "price": "5万", "unit": "25000元/㎡", "origin_url": "https://chizhou.esf.fang.com//house/i32//chushou/16_201537.htm"}
{"province": "安徽", "city": "池州", "name": "九华山名胜古镇", "area": "52㎡", "rooms": "2室2厅", "floor": "低层（共3层）", "toward": "南北向", "year": "未知", "address": "经济开发区", "price": "75万", "unit": "14423元/㎡", "origin_url": "https://chizhou.esf.fang.com//house/i32//chushou/16_201538.htm"}
{"province": "安徽", "city": "池州", "name": "平湖观邸", "area": "95.34㎡", "rooms": "3室2厅", "floor": "中层（共18层）", "toward": "南北向", "year": "未知", "address": "主城区", "price": "106万", "unit": "11118元/㎡", "origin_url": "https://chizhou.esf.fang.com//house/i32//chushou/16_201539.htm"}
{"province": "安徽", "city": "池州", "name": "米兰阳光大厦", "area": "65.3㎡", "rooms": "1室1厅", "floor": "中层（共23层）", "toward": "东南向", "year": "未知", "address": "主城区-秋浦路于长江路交汇处", "price": "38万", "unit": "5819元/㎡", "origin_url": "https://chizhou.esf.fang.com//house/i32//chushou/16_201542.htm"}
{"province": "安徽", "city": "池州", "name": "维多利亚花园", "area": "97.1㎡", "rooms": "2室2厅", "floor": "低层（共6层）", "toward": "南向", "year": "未知", "address": "主城区-池州秀山南路东侧", "price": "120万", "unit": "12358元/㎡", "origin_url": "https://chizhou.esf.fang.com//house/i32//chushou/16_201544.htm"}
{"province": "安徽", "city": "池州", "name": "翠屏苑", "area": "104㎡", "rooms": "3室2厅", "floor": "高层（共6层）", "toward": "南向", "year": "未知", "address": "主城区-临湖路", "price": "65万", "unit": "6250元/㎡", "origin_url": "https://chizhou.esf.fang.com//house/i32//chushou/16_201545.htm"}
{"province": "安徽", "city": "池州", "name": "信发南郡水岸", "area": "117.6㎡", "rooms": "3室2厅", "floor": "中层（共16层）", "toward": "南向", "year": "未知", "address": "政务新区", "price": "70万", "unit": "5952元/㎡", "origin_url": "https://chizhou.esf.fang.com//house/i32//chushou/16_201548.htm"}
{"province": "安徽", "city": "池州", "name": "高速秋浦天地", "area": "125.56㎡", "rooms": "3室2厅", "floor": "中层（共6层）", "toward": "南北向", "year": "未知", "address": "站前区-站前路与齐山大道交汇处", "price": "97万", "unit": "7725元/㎡", "origin_url": "https://chizhou.esf.fang.com//house/i32//chushou/16_201547.htm"}
{"province": "安徽", "city": "池州", "name": "高速秋浦天地", "area": "107.6㎡", "rooms": "3室2厅", "floor": "低层（共18层）", "toward": "南北向", "year": "未知", "address": "站前区-站前路与齐山大道交汇处", "price": "95万", "unit": "8829元/㎡", "origin_url": "https://chizhou.esf.fang.com//house/i32//chushou/16_201541.htm"}
{"province": "安徽", "city": "池州", "name": "高速秋浦天地", "area": "47㎡", "rooms": "1室1厅", "floor": "低层（共18层）", "toward": "北向", "year": "未知", "address": "站前区-站前路与齐山大道交汇处", "price": "35万", "unit": "7447元/㎡", "origin_url": "https://chizhou.esf.fang.com//house/i32//chushou/16_201546.htm"}
{"province": "安徽", "city": "池州", "name": "翠微苑", "area": "81.8㎡", "rooms": "2室2厅", "floor": "高层（共6层）", "toward": "南北向", "year": "未知", "address": "主城区-秋浦东路", "price": "78万", "unit": "9535元/㎡", "origin_url": "https://chizhou.esf.fang.com//house/i32//chushou/16_201549.htm"}
{"province": "安徽", "city": "池州", "name": "华府骏苑", "area": "44.54㎡", "rooms": "1室1厅", "floor": "中层（共7层）", "toward": "南北向", "year": "未知", "address": "主城区-清溪东路与九华山大道交叉口西南角", "price": "25万", "unit": "5613元/㎡", "origin_url": "https://chizhou.esf.fang.com//house/i32//chushou/16_201550.htm"}
{"province": "安徽", "city": "池州", "name": "宇业天逸华府", "area": "100㎡", "rooms": "3室2厅", "floor": "高层（共6层）", "toward": "南北向", "year": "未知", "address": "经济开发区-殷汇大道与万罗路交汇处", "price": "48万", "unit": "4800元/㎡", "origin_url": "https://chizhou.esf.fang.com//house/i32//chushou/16_201523.htm"}
{"province": "安徽", "city": "池州", "name": "青峰花园", "area": "100.5㎡", "rooms": "2室2厅", "floor": "中层（共11层）", "toward": "东西向", "year": "未知", "address": "主城区-池州市胜利路以南、青阳路以西", "price": "80万", "unit": "7960元/㎡", "origin_url": "https://chizhou.esf.fang.com//house/i32//chushou/16_201526.htm"}
{"province": "安徽", "city": "池州", "name": "书香名邸怡园", "area": "107.41㎡", "rooms": "3室2厅", "floor": "高层（共18层）", "toward": "南北向", "year": "未知", "address": "主城区-西北外环与建设西路交叉口东南角", "price": "88万", "unit": "8193元/㎡", "origin_url": "https://chizhou.esf.fang.com//house/i32//chushou/16_201510.htm"}
{"province": "安徽", "city": "池州", "name": "百合·幸福里", "area": "100㎡", "rooms": "3室2厅", "floor": "中层（共6层）", "toward": "南北向", "year": "未知", "address": "主城区-西北外环池口段,东靠池口路,南临昭明大道", "price": "80万", "unit": "8000元/㎡", "origin_url": "https://chizhou.esf.fang.com//house/i32//chushou/16_201553.htm"}
{"province": "安徽", "city": "池州", "name": "池州市站前区世纪广场", "area": "24㎡", "rooms": "2室1厅", "floor": "低层（共6层）", "toward": "东南向", "year": "未知", "address": "站前区", "price": "15万", "unit": "6250元/㎡", "origin_url": "https://chizhou.esf.fang.com//house/i32//chushou/16_201554.htm"}
{"province": "安徽", "city": "池州", "name": "龙云新都汇", "area": "143㎡", "rooms": "4室2厅", "floor": "高层（共4层）", "toward": "南北向", "year": "未知", "address": "站前区", "price": "67万", "unit": "4685元/㎡", "origin_url": "https://chizhou.esf.fang.com//house/i32//chushou/16_201556.htm"}
{"province": "安徽", "city": "池州", "name": "森桥印象", "area": "5㎡", "rooms": "1室0厅", "floor": "低层（共5层）", "toward": "南北向", "year": "未知", "address": "经济开发区-朝阳湖以东清溪大道以北", "price": "3万", "unit": "6000元/㎡", "origin_url": "https://chizhou.esf.fang.com//house/i32//chushou/16_201560.htm"}
{"province": "安徽", "city": "池州", "name": "森桥印象", "area": "5㎡", "rooms": "1室0厅", "floor": "低层（共5层）", "toward": "南北向", "year": "未知", "address": "经济开发区-朝阳湖以东清溪大道以北", "price": "3万", "unit": "6000元/㎡", "origin_url": "https://chizhou.esf.fang.com//house/i32//chushou/16_201559.htm"}
{"province": "安徽", "city": "池州", "name": "天湖丽景湾", "area": "112㎡", "rooms": "3室2厅", "floor": "中层（共8层）", "toward": "南北向", "year": "未知", "address": "经济开发区", "price": "56万", "unit": "5000元/㎡", "origin_url": "https://chizhou.esf.fang.com//house/i32//chushou/16_201562.htm"}
{"province": "安徽", "city": "池州", "name": "金汇广场", "area": "108㎡", "rooms": "2室1厅", "floor": "中层（共22层）", "toward": "南向", "year": "未知", "address": "主城区", "price": "56万", "unit": "5185元/㎡", "origin_url": "https://chizhou.esf.fang.com//house/i32//chushou/16_201568.htm"}
{"province": "安徽", "city": "池州", "name": "九华山柯村新区", "area": "140㎡", "rooms": "4室1厅", "floor": "中层（共3层）", "toward": "南向", "year": "未知", "address": "柯村新区", "price": "45万", "unit": "3214元/㎡", "origin_url": "https://chizhou.esf.fang.com//house/i32//chushou/16_201567.htm"}
{"province": "安徽", "city": "池州", "name": "九华山柯村新区", "area": "550㎡", "rooms": "9室9厅", "floor": "高层（共5层）", "toward": "南向", "year": "未知", "address": "柯村新区", "price": "280万", "unit": "5091元/㎡", "origin_url": "https://chizhou.esf.fang.com//house/i32//chushou/16_201566.htm"}
{"province": "安徽", "city": "池州", "name": "池州国际汽车城", "area": "102.5㎡", "rooms": "3室1厅", "floor": "低层（共4层）", "toward": "南向", "year": "未知", "address": "站前区", "price": "59.8万", "unit": "5834元/㎡", "origin_url": "https://chizhou.esf.fang.com//house/i32//chushou/16_201569.htm"}
{"province": "安徽", "city": "池州", "name": "铜冠花园", "area": "113㎡", "rooms": "3室2厅", "floor": "高层（共17层）", "toward": "南北向", "year": "未知", "address": "主城区", "price": "108万", "unit": "9558元/㎡", "origin_url": "https://chizhou.esf.fang.com//house/i32//chushou/16_201570.htm"}
{"province": "安徽", "city": "池州", "name": "迎宾花园", "area": "110㎡", "rooms": "2室2厅", "floor": "低层（共11层）", "toward": "东南向", "year": "未知", "address": "经济开发区", "price": "25万", "unit": "2273元/㎡", "origin_url": "https://chizhou.esf.fang.com//house/i32//chushou/16_201571.htm"}
{"province": "安徽", "city": "池州", "name": "宇业天逸华府", "area": "113㎡", "rooms": "3室2厅", "floor": "中层（共6层）", "toward": "南北向", "year": "未知", "address": "经济开发区-殷汇大道与万罗路交汇处", "price": "66万", "unit": "5841元/㎡", "origin_url": "https://chizhou.esf.fang.com//house/i32//chushou/16_201572.htm"}
